Player,Club,Kicks_TOT,Kicks_AVG,Handballs_TOT,Handballs_AVG,Disposals_TOT,Disposals_AVG,Cont Poss_TOT,Cont Poss_AVG,Uncont Poss_TOT,Uncont Poss_AVG,Disp eff %_TOT,Clangers_TOT,Clangers_AVG,Marks_TOT,Marks_AVG,Cont marks_TOT,Cont marks_AVG,Marks50_TOT,Marks50_AVG,Hit-outs_TOT,Hit-outs_AVG,Clearances_TOT,Clearances_AVG,Centre clr_TOT,Centre clr_AVG,Stoppages_TOT,Stoppages_AVG,Rebound50_TOT,Rebound50_AVG,Frees For_TOT,Frees For_AVG,Frees Agst_TOT,Frees Agst_AVG,Tackles_TOT,Tackles_AVG,One %s_TOT,One %s_AVG,Bounces_TOT,Bounces_AVG,Inside50_TOT,Inside50_AVG,Goals_TOT,Goals_AVG,Behinds_TOT,Behinds_AVG,Goal assists_TOT,Goal assists_AVG,Goal acc %_TOT,Matches_TOT,Time On Ground %_TOT
Aasta O'Connor,WB,9,2.3,14,3.5,23,5.8,12,3,12,3,65.2,8,2,4,1,0,0,2,0.5,24,6,0,0,0,0,0,0,1,0.3,1,0.3,3,0.8,6,1.5,6,1.5,0,0,5,1.3,1,0.3,0,0,1,0.3,100,4,73.6
Abbey Holmes,ADEL,35,4.4,38,4.8,73,9.1,51,6.4,27,3.4,52.1,17,2.1,9,1.1,4,0.5,2,0.3,0,0,5,0.6,1,0.1,4,0.5,2,0.3,8,1,2,0.3,16,2,5,0.6,0,0,12,1.5,2,0.3,2,0.3,2,0.3,40,8,64.5
Aimee Schmidt,GWS,21,3,17,2.4,38,5.4,13,1.9,23,3.3,55.3,8,1.1,15,2.1,1,0.1,3,0.4,0,0,0,0,0,0,0,0,1,0.1,1,0.1,3,0.4,9,1.3,5,0.7,0,0,3,0.4,3,0.4,0,0,0,0,50,7,82.4
Ainslie Kemp,MELB,21,5.3,9,2.3,30,7.5,18,4.5,12,3,50,6,1.5,8,2,5,1.3,3,0.8,0,0,3,0.8,0,0,3,0.8,0,0,1,0.3,2,0.5,8,2,0,0,0,0,11,2.8,0,0,2,0.5,1,0.3,0,4,63.7
Akec Makur Chuot,FRE,29,4.8,8,1.3,37,6.2,20,3.3,16,2.7,48.6,8,1.3,2,0.3,1,0.2,0,0,6,1,5,0.8,1,0.2,4,0.7,5,0.8,0,0,2,0.3,13,2.2,11,1.8,1,0.2,8,1.3,0,0,0,0,0,0,0,6,64.9
Alex Williams,GWS,47,6.7,20,2.9,67,9.6,35,5,23,3.3,59.7,10,1.4,6,0.9,0,0,0,0,0,0,4,0.6,0,0,4,0.6,14,2,8,1.1,1,0.1,21,3,14,2,1,0.1,2,0.3,0,0,1,0.1,1,0.1,0,7,88.6
Alexandra Anderson,BL,29,3.6,29,3.6,58,7.3,33,4.1,28,3.5,56.9,10,1.3,6,0.8,0,0,0,0,1,0.1,7,0.9,1,0.1,6,0.8,5,0.6,4,0.5,5,0.6,27,3.4,3,0.4,0,0,5,0.6,0,0,1,0.1,0,0,0,8,57.5
Alexandra Saundry,GWS,7,1.8,5,1.3,12,3,7,1.8,5,1.3,33.3,9,2.3,2,0.5,0,0,0,0,0,0,0,0,0,0,0,0,1,0.3,1,0.3,5,1.3,4,1,3,0.8,0,0,0,0,0,0,0,0,0,0,0,4,56.2
Alicia Eva,COLL,63,9,16,2.3,79,11.3,35,5,42,6,50.6,22,3.1,16,2.3,0,0,1,0.1,0,0,11,1.6,3,0.4,8,1.1,9,1.3,7,1,5,0.7,32,4.6,7,1,2,0.3,11,1.6,3,0.4,1,0.1,0,0,75,7,84.9
Alicia Janz,FRE,4,1.3,9,3,13,4.3,11,3.7,2,0.7,61.5,5,1.7,1,0.3,1,0.3,1,0.3,47,15.7,2,0.7,1,0.3,1,0.3,2,0.7,2,0.7,1,0.3,16,5.3,4,1.3,0,0,2,0.7,0,0,0,0,0,0,0,3,72.3
Aliesha Newman,MELB,15,3.8,7,1.8,22,5.5,7,1.8,13,3.3,50,5,1.3,6,1.5,0,0,2,0.5,0,0,0,0,0,0,0,0,0,0,1,0.3,2,0.5,4,1,0,0,4,1,5,1.3,2,0.5,2,0.5,0,0,33.3,4,50.9
Alison Brown,CARL,15,2.1,11,1.6,26,3.7,8,1.1,18,2.6,65.4,2,0.3,6,0.9,0,0,1,0.1,0,0,1,0.1,0,0,1,0.1,3,0.4,2,0.3,0,0,10,1.4,0,0,1,0.1,9,1.3,0,0,1,0.1,0,0,0,7,47.9
Alison Downie,CARL,33,4.7,17,2.4,50,7.1,30,4.3,21,3,68,13,1.9,15,2.1,6,0.9,0,0,89,12.7,10,1.4,1,0.1,9,1.3,16,2.3,7,1,6,0.9,16,2.3,15,2.1,0,0,6,0.9,2,0.3,0,0,0,0,66.7,7,78.6
Alyssa Mifsud,MELB,28,4,13,1.9,41,5.9,23,3.3,17,2.4,63.4,14,2,10,1.4,5,0.7,7,1,2,0.3,1,0.1,0,0,1,0.1,0,0,4,0.6,6,0.9,21,3,2,0.3,0,0,4,0.6,9,1.3,3,0.4,2,0.3,45,7,66
Amanda Farrugia,GWS,49,7,14,2,63,9,25,3.6,38,5.4,52.4,14,2,14,2,0,0,0,0,0,0,5,0.7,1,0.1,4,0.6,15,2.1,5,0.7,5,0.7,27,3.9,15,2.1,0,0,6,0.9,0,0,0,0,0,0,0,7,92.2
Amelia Barden,COLL,36,5.1,29,4.1,65,9.3,50,7.1,19,2.7,47.7,12,1.7,8,1.1,1,0.1,0,0,0,0,17,2.4,5,0.7,12,1.7,8,1.1,9,1.3,5,0.7,39,5.6,2,0.3,2,0.3,11,1.6,0,0,1,0.1,0,0,0,7,69.5
Amy Lavell,FRE,34,4.9,21,3,55,7.9,33,4.7,24,3.4,54.5,9,1.3,14,2,5,0.7,6,0.9,0,0,3,0.4,0,0,3,0.4,2,0.3,2,0.3,1,0.1,17,2.4,10,1.4,0,0,8,1.1,2,0.3,3,0.4,3,0.4,33.3,7,81.2
Angela Foley,ADEL,56,7,22,2.8,78,9.8,50,6.3,31,3.9,48.7,25,3.1,16,2,2,0.3,1,0.1,0,0,3,0.4,0,0,3,0.4,9,1.1,8,1,7,0.9,15,1.9,4,0.5,0,0,11,1.4,1,0.1,0,0,0,0,33.3,8,80.9
Angelica Gogos,WB,27,3.9,27,3.9,54,7.7,32,4.6,23,3.3,61.1,4,0.6,2,0.3,0,0,0,0,0,0,11,1.6,1,0.1,10,1.4,4,0.6,11,1.6,1,0.1,43,6.1,5,0.7,0,0,5,0.7,1,0.1,2,0.3,0,0,25,7,70.6
Anne Hatchard,ADEL,20,2.9,22,3.1,42,6,31,4.4,14,2,66.7,7,1,9,1.3,1,0.1,1,0.1,4,0.6,0,0,0,0,0,0,1,0.1,9,1.3,3,0.4,9,1.3,11,1.6,0,0,3,0.4,0,0,0,0,0,0,0,7,67.1
Ashleigh Guest,GWS,46,6.6,22,3.1,68,9.7,33,4.7,35,5,63.2,9,1.3,13,1.9,0,0,0,0,3,0.4,14,2,6,0.9,8,1.1,7,1,7,1,4,0.6,29,4.1,1,0.1,1,0.1,10,1.4,0,0,0,0,1,0.1,0,7,79.5
Ashley Sharp,FRE,15,2.1,16,2.3,31,4.4,12,1.7,21,3,71,10,1.4,4,0.6,0,0,2,0.3,0,0,2,0.3,0,0,2,0.3,2,0.3,0,0,5,0.7,12,1.7,4,0.6,1,0.1,3,0.4,4,0.6,3,0.4,1,0.1,50,7,77.3
Bailey Hunt,WB,14,2,23,3.3,37,5.3,19,2.7,18,2.6,73,4,0.6,4,0.6,1,0.1,0,0,0,0,2,0.3,0,0,2,0.3,6,0.9,2,0.3,4,0.6,16,2.3,9,1.3,0,0,0,0,0,0,0,0,0,0,0,7,90.3
Beatrice Devlyn,FRE,6,3,0,0,6,3,2,1,4,2,16.7,2,1,0,0,0,0,0,0,0,0,1,0.5,0,0,1,0.5,1,0.5,0,0,0,0,2,1,2,1,0,0,0,0,0,0,0,0,0,0,0,2,46.9
Belinda Smith,FRE,44,6.3,22,3.1,66,9.4,34,4.9,32,4.6,60.6,8,1.1,13,1.9,1,0.1,0,0,0,0,2,0.3,0,0,2,0.3,13,1.9,3,0.4,1,0.1,16,2.3,5,0.7,2,0.3,8,1.1,0,0,0,0,1,0.1,0,7,61.8
Bianca Jakobsson,CARL,37,5.3,26,3.7,63,9,30,4.3,37,5.3,46,16,2.3,26,3.7,6,0.9,10,1.4,2,0.3,1,0.1,0,0,1,0.1,2,0.3,2,0.3,4,0.6,10,1.4,8,1.1,0,0,7,1,4,0.6,3,0.4,2,0.3,40,7,90.5
Breann Moody,CARL,24,3.4,10,1.4,34,4.9,23,3.3,8,1.1,50,11,1.6,1,0.1,0,0,0,0,83,11.9,10,1.4,3,0.4,7,1,5,0.7,3,0.4,2,0.3,5,0.7,2,0.3,0,0,2,0.3,1,0.1,0,0,0,0,100,7,53.6
Breanna Koenen,BL,34,4.3,17,2.1,51,6.4,26,3.3,25,3.1,56.9,12,1.5,13,1.6,1,0.1,0,0,0,0,8,1,4,0.5,4,0.5,6,0.8,7,0.9,2,0.3,19,2.4,6,0.8,0,0,5,0.6,0,0,0,0,0,0,0,8,64.3
Bree White,COLL,32,4.6,28,4,60,8.6,43,6.1,22,3.1,55,8,1.1,6,0.9,2,0.3,3,0.4,0,0,16,2.3,6,0.9,10,1.4,1,0.1,3,0.4,2,0.3,22,3.1,11,1.6,0,0,2,0.3,1,0.1,0,0,0,0,100,7,60.4
Brianna Davey,CARL,58,9.7,56,9.3,114,19,63,10.5,48,8,67.5,26,4.3,23,3.8,7,1.2,2,0.3,0,0,8,1.3,1,0.2,7,1.2,23,3.8,2,0.3,9,1.5,17,2.8,8,1.3,7,1.2,10,1.7,1,0.2,0,0,0,0,33.3,6,94.7
Brianna Green,FRE,5,2.5,6,3,11,5.5,6,3,7,3.5,72.7,5,2.5,2,1,0,0,0,0,0,0,2,1,1,0.5,1,0.5,0,0,0,0,3,1.5,5,2.5,1,0.5,0,0,1,0.5,0,0,0,0,0,0,0,2,50.8
Britt Tully,GWS,53,7.6,19,2.7,72,10.3,53,7.6,19,2.7,48.6,13,1.9,5,0.7,1,0.1,0,0,0,0,22,3.1,7,1,15,2.1,8,1.1,3,0.4,3,0.4,28,4,4,0.6,0,0,11,1.6,0,0,2,0.3,0,0,0,7,62.5
Brittany Bonnici,COLL,46,6.6,18,2.6,64,9.1,29,4.1,35,5,43.8,15,2.1,8,1.1,0,0,0,0,0,0,8,1.1,1,0.1,7,1,3,0.4,6,0.9,5,0.7,32,4.6,7,1,1,0.1,5,0.7,0,0,0,0,0,0,0,7,53.5
Brittany Gibson,BL,46,5.8,27,3.4,73,9.1,39,4.9,34,4.3,63,15,1.9,14,1.8,0,0,2,0.3,0,0,14,1.8,4,0.5,10,1.3,6,0.8,5,0.6,8,1,19,2.4,5,0.6,4,0.5,15,1.9,2,0.3,3,0.4,0,0,33.3,8,78.3
Brooke Lochland,WB,47,6.7,17,2.4,64,9.1,30,4.3,31,4.4,39.1,16,2.3,7,1,0,0,1,0.1,0,0,15,2.1,5,0.7,10,1.4,5,0.7,7,1,8,1.1,32,4.6,6,0.9,2,0.3,7,1,1,0.1,2,0.3,0,0,25,7,79.8
Brooke Patterson,MELB,23,5.8,15,3.8,38,9.5,18,4.5,20,5,65.8,6,1.5,8,2,1,0.3,0,0,0,0,2,0.5,0,0,2,0.5,6,1.5,0,0,0,0,5,1.3,3,0.8,0,0,1,0.3,0,0,0,0,0,0,0,4,66.3
Brooke Whyte,FRE,19,4.8,7,1.8,26,6.5,14,3.5,13,3.3,42.3,6,1.5,6,1.5,1,0.3,0,0,0,0,0,0,0,0,0,0,5,1.3,2,0.5,2,0.5,5,1.3,3,0.8,0,0,4,1,0,0,0,0,0,0,0,4,53.7
Caitlin Collins,BL,0,0,0,0,0,0,0,0,0,0,0,0,0,0,0,0,0,0,0,0,0,0,0,0,0,0,0,0,0,0,0,0,0,0,0,0,0,0,0,0,0,0,0,0,0,0,0,0,0,0
Caitlyn Edwards,COLL,37,5.3,19,2.7,56,8,24,3.4,28,4,62.5,11,1.6,10,1.4,0,0,1,0.1,0,0,9,1.3,1,0.1,8,1.1,8,1.1,6,0.9,7,1,14,2,5,0.7,6,0.9,6,0.9,2,0.3,2,0.3,0,0,50,7,69.5
Cassie Davidson,FRE,37,5.3,5,0.7,42,6,16,2.3,17,2.4,57.1,15,2.1,14,2,2,0.3,0,0,0,0,0,0,0,0,0,0,9,1.3,5,0.7,3,0.4,18,2.6,8,1.1,4,0.6,3,0.4,0,0,0,0,0,0,0,7,78.4
Catherine Phillips,MELB,46,6.6,33,4.7,79,11.3,41,5.9,40,5.7,64.6,20,2.9,17,2.4,2,0.3,4,0.6,2,0.3,4,0.6,1,0.1,3,0.4,6,0.9,4,0.6,10,1.4,13,1.9,5,0.7,1,0.1,13,1.9,5,0.7,2,0.3,0,0,62.5,7,90.4
Cecilia McIntosh,COLL,21,3.5,17,2.8,38,6.3,21,3.5,19,3.2,65.8,7,1.2,6,1,1,0.2,1,0.2,0,0,4,0.7,1,0.2,3,0.5,4,0.7,7,1.2,4,0.7,17,2.8,9,1.5,2,0.3,8,1.3,1,0.2,0,0,0,0,100,6,80.9
Chelsea Randall,ADEL,85,10.6,28,3.5,113,14.1,70,8.8,44,5.5,60.2,29,3.6,24,3,5,0.6,2,0.3,3,0.4,13,1.6,4,0.5,9,1.1,15,1.9,11,1.4,9,1.1,39,4.9,24,3,2,0.3,24,3,2,0.3,2,0.3,1,0.1,28.6,8,97.1
Christina Bernardi,COLL,35,5.8,7,1.2,42,7,18,3,23,3.8,45.2,17,2.8,13,2.2,1,0.2,1,0.2,0,0,3,0.5,0,0,3,0.5,3,0.5,3,0.5,1,0.2,7,1.2,2,0.3,2,0.3,11,1.8,2,0.3,3,0.5,2,0.3,28.6,6,76.1
Clare Lawton,GWS,17,2.4,10,1.4,27,3.9,19,2.7,9,1.3,51.9,8,1.1,5,0.7,2,0.3,0,0,27,3.9,5,0.7,0,0,5,0.7,6,0.9,7,1,4,0.6,17,2.4,4,0.6,0,0,0,0,0,0,0,0,0,0,0,7,59.2
Codie Briggs,GWS,1,0.3,3,1,4,1.3,5,1.7,1,0.3,75,2,0.7,0,0,0,0,0,0,0,0,1,0.3,0,0,1,0.3,0,0,0,0,1,0.3,6,2,0,0,0,0,0,0,0,0,0,0,0,0,0,3,41.8
Courtney Clarkson,WB,12,2,7,1.2,19,3.2,11,1.8,7,1.2,52.6,4,0.7,4,0.7,1,0.2,0,0,34,5.7,4,0.7,0,0,4,0.7,2,0.3,1,0.2,3,0.5,10,1.7,3,0.5,0,0,4,0.7,1,0.2,0,0,0,0,100,6,32.3
Courtney Cramey,ADEL,60,7.5,10,1.3,70,8.8,32,4,27,3.4,67.1,8,1,16,2,2,0.3,1,0.1,0,0,9,1.1,3,0.4,6,0.8,22,2.8,13,1.6,3,0.4,19,2.4,6,0.8,0,0,7,0.9,0,0,2,0.3,1,0.1,0,8,68.5
Daisy Pearce,MELB,79,11.3,74,10.6,153,21.9,81,11.6,72,10.3,63.4,18,2.6,16,2.3,3,0.4,3,0.4,0,0,24,3.4,11,1.6,13,1.9,7,1,4,0.6,5,0.7,36,5.1,11,1.6,2,0.3,20,2.9,1,0.1,1,0.1,5,0.7,25,7,89.4
Dana Hooker,FRE,87,12.4,34,4.9,121,17.3,60,8.6,55,7.9,52.1,24,3.4,19,2.7,1,0.1,3,0.4,0,0,19,2.7,5,0.7,14,2,7,1,5,0.7,5,0.7,23,3.3,7,1,0,0,16,2.3,0,0,1,0.1,0,0,0,7,91.1
Danielle Hardiman,CARL,52,8.7,12,2,64,10.7,35,5.8,26,4.3,57.8,16,2.7,15,2.5,3,0.5,0,0,0,0,0,0,0,0,0,0,21,3.5,2,0.3,2,0.3,15,2.5,6,1,2,0.3,0,0,0,0,0,0,0,0,0,6,88.1
Darcy Vescio,CARL,39,5.6,11,1.6,50,7.1,38,5.4,13,1.9,64,9,1.3,13,1.9,7,1,9,1.3,0,0,2,0.3,0,0,2,0.3,0,0,6,0.9,4,0.6,18,2.6,4,0.6,1,0.1,7,1,14,2,4,0.6,2,0.3,63.6,7,99.2
Dayna Cox,ADEL,44,5.5,22,2.8,66,8.3,35,4.4,32,4,57.6,10,1.3,9,1.1,0,0,2,0.3,0,0,4,0.5,0,0,4,0.5,8,1,5,0.6,4,0.5,16,2,7,0.9,0,0,5,0.6,0,0,0,0,0,0,0,8,75.8
Deanna Berry,MELB,43,6.1,6,0.9,49,7,24,3.4,20,2.9,49,13,1.9,11,1.6,1,0.1,3,0.4,0,0,1,0.1,0,0,1,0.1,4,0.6,4,0.6,4,0.6,7,1,5,0.7,1,0.1,11,1.6,5,0.7,5,0.7,2,0.3,45.5,7,65.6
Delissa Kimmince,BL,7,7,0,0,7,7,1,1,5,5,71.4,2,2,3,3,0,0,0,0,0,0,0,0,0,0,0,0,2,2,0,0,0,0,1,1,0,0,0,0,1,1,0,0,0,0,0,0,0,1,67.3
Demi Okely,FRE,18,2.6,4,0.6,22,3.1,14,2,12,1.7,31.8,12,1.7,5,0.7,0,0,0,0,0,0,2,0.3,0,0,2,0.3,0,0,1,0.1,8,1.1,7,1,0,0,0,0,7,1,0,0,1,0.1,0,0,0,7,54.8
Deni Varnhagen,ADEL,57,7.1,17,2.1,74,9.3,28,3.5,46,5.8,50,16,2,17,2.1,0,0,2,0.3,0,0,8,1,2,0.3,6,0.8,9,1.1,4,0.5,4,0.5,14,1.8,10,1.3,1,0.1,16,2,2,0.3,0,0,0,0,40,8,69.4
Ebony Antonio,FRE,45,7.5,25,4.2,70,11.7,37,6.2,32,5.3,58.6,15,2.5,19,3.2,3,0.5,0,0,0,0,9,1.5,5,0.8,4,0.7,10,1.7,7,1.2,2,0.3,27,4.5,6,1,1,0.2,11,1.8,2,0.3,1,0.2,2,0.3,66.7,6,96.9
Ebony Marinoff,ADEL,97,12.1,31,3.9,128,16,72,9,51,6.4,53.9,31,3.9,19,2.4,3,0.4,1,0.1,0,0,25,3.1,8,1,17,2.1,11,1.4,8,1,16,2,76,9.5,4,0.5,0,0,30,3.8,0,0,2,0.3,1,0.1,0,8,80.1
Elise O'Dea,MELB,82,11.7,53,7.6,135,19.3,58,8.3,77,11,60,24,3.4,20,2.9,1,0.1,2,0.3,1,0.1,19,2.7,5,0.7,14,2,7,1,6,0.9,10,1.4,32,4.6,4,0.6,0,0,20,2.9,1,0.1,1,0.1,4,0.6,25,7,80.3
Elise Strachan,MELB,2,2,0,0,2,2,0,0,1,1,50,1,1,1,1,0,0,0,0,0,0,0,0,0,0,0,0,0,0,0,0,0,0,0,0,1,1,0,0,0,0,0,0,0,0,0,0,0,1,48.3
Ella Ross,GWS,20,2.9,16,2.3,36,5.1,23,3.3,12,1.7,55.6,8,1.1,3,0.4,0,0,1,0.1,0,0,10,1.4,4,0.6,6,0.9,3,0.4,2,0.3,6,0.9,17,2.4,1,0.1,0,0,3,0.4,0,0,0,0,1,0.1,0,7,43.4
Ellie Blackburn,WB,101,14.4,35,5,136,19.4,62,8.9,72,10.3,54.4,25,3.6,17,2.4,0,0,4,0.6,0,0,24,3.4,4,0.6,20,2.9,14,2,7,1,8,1.1,26,3.7,7,1,2,0.3,25,3.6,6,0.9,12,1.7,0,0,28.6,7,95.5
Ellie Brush,GWS,35,5.8,11,1.8,46,7.7,22,3.7,19,3.2,52.2,4,0.7,8,1.3,1,0.2,1,0.2,0,0,3,0.5,0,0,3,0.5,2,0.3,2,0.3,2,0.3,16,2.7,2,0.3,1,0.2,6,1,1,0.2,1,0.2,2,0.3,33.3,6,88.4
Ellyse Gamble,WB,10,1.7,12,2,22,3.7,11,1.8,12,2,45.5,8,1.3,5,0.8,2,0.3,1,0.2,1,0.2,0,0,0,0,0,0,0,0,1,0.2,3,0.5,9,1.5,7,1.2,0,0,3,0.5,0,0,1,0.2,0,0,0,6,83.2
Emily Bates,BL,84,10.5,41,5.1,125,15.6,66,8.3,59,7.4,57.6,22,2.8,21,2.6,4,0.5,5,0.6,0,0,17,2.1,4,0.5,13,1.6,14,1.8,12,1.5,9,1.1,38,4.8,9,1.1,4,0.5,14,1.8,1,0.1,1,0.1,3,0.4,25,8,74.4
Emily Bonser,FRE,0,0,0,0,0,0,0,0,0,0,0,0,0,0,0,0,0,0,0,0,0,0,0,0,0,0,0,0,0,0,0,0,0,0,0,0,0,0,0,0,0,0,0,0,0,0,0,0,0,0
Emma Grant,COLL,35,5,10,1.4,45,6.4,20,2.9,30,4.3,66.7,11,1.6,17,2.4,1,0.1,1,0.1,1,0.1,5,0.7,1,0.1,4,0.6,7,1,3,0.4,3,0.4,23,3.3,13,1.9,1,0.1,6,0.9,1,0.1,0,0,0,0,100,7,71.4
Emma Humphries,MELB,27,3.9,10,1.4,37,5.3,23,3.3,15,2.1,59.5,8,1.1,6,0.9,0,0,0,0,0,0,6,0.9,1,0.1,5,0.7,2,0.3,7,1,2,0.3,13,1.9,2,0.3,3,0.4,10,1.4,1,0.1,0,0,1,0.1,100,7,53.6
Emma Kearney,WB,82,11.7,68,9.7,150,21.4,75,10.7,76,10.9,62.7,20,2.9,17,2.4,2,0.3,3,0.4,0,0,36,5.1,15,2.1,21,3,15,2.1,11,1.6,8,1.1,20,2.9,2,0.3,13,1.9,38,5.4,0,0,4,0.6,4,0.6,0,7,93.3
Emma King,COLL,28,4,14,2,42,6,24,3.4,14,2,42.9,11,1.6,7,1,2,0.3,1,0.1,199,28.4,7,1,1,0.1,6,0.9,2,0.3,3,0.4,4,0.6,8,1.1,8,1.1,0,0,12,1.7,0,0,1,0.1,0,0,0,7,73
Emma Swanson,GWS,52,10.4,28,5.6,80,16,47,9.4,32,6.4,51.3,19,3.8,13,2.6,2,0.4,1,0.2,0,0,21,4.2,5,1,16,3.2,13,2.6,6,1.2,5,1,14,2.8,1,0.2,0,0,8,1.6,0,0,1,0.2,1,0.2,0,5,75.7
Emma Zielke,BL,65,8.1,27,3.4,92,11.5,49,6.1,38,4.8,57.6,12,1.5,18,2.3,1,0.1,2,0.3,1,0.1,20,2.5,7,0.9,13,1.6,9,1.1,13,1.6,3,0.4,41,5.1,7,0.9,0,0,11,1.4,3,0.4,0,0,1,0.1,60,8,79.8
Erin McKinnon,GWS,8,1.1,15,2.1,23,3.3,20,2.9,2,0.3,56.5,7,1,1,0.1,1,0.1,0,0,154,22,6,0.9,2,0.3,4,0.6,3,0.4,3,0.4,3,0.4,9,1.3,3,0.4,0,0,3,0.4,0,0,0,0,0,0,0,7,63.8
Erin Phillips,ADEL,124,15.5,36,4.5,160,20,110,13.8,39,4.9,57.5,24,3,23,2.9,8,1,8,1,1,0.1,40,5,11,1.4,29,3.6,3,0.4,27,3.4,8,1,30,3.8,6,0.8,2,0.3,37,4.6,10,1.3,8,1,4,0.5,38.5,8,97.9
Gabby O'Sullivan,FRE,32,4.6,35,5,67,9.6,35,5,26,3.7,52.2,16,2.3,6,0.9,0,0,1,0.1,0,0,12,1.7,2,0.3,10,1.4,4,0.6,1,0.1,6,0.9,31,4.4,2,0.3,0,0,10,1.4,1,0.1,5,0.7,3,0.4,14.3,7,82.4
Gabriella Pound,CARL,35,5,13,1.9,48,6.9,29,4.1,20,2.9,56.3,12,1.7,6,0.9,2,0.3,1,0.1,0,0,3,0.4,0,0,3,0.4,1,0.1,6,0.9,6,0.9,18,2.6,5,0.7,0,0,11,1.6,1,0.1,0,0,2,0.3,50,7,74.1
Gemma Houghton,FRE,36,5.1,26,3.7,62,8.9,37,5.3,20,2.9,53.2,19,2.7,11,1.6,6,0.9,3,0.4,19,2.7,13,1.9,4,0.6,9,1.3,2,0.3,6,0.9,10,1.4,28,4,3,0.4,0,0,13,1.9,3,0.4,5,0.7,0,0,37.5,7,71.6
Georgia Bevan,ADEL,53,6.6,12,1.5,65,8.1,32,4,35,4.4,44.6,14,1.8,8,1,0,0,0,0,0,0,3,0.4,0,0,3,0.4,5,0.6,8,1,1,0.1,25,3.1,5,0.6,0,0,19,2.4,1,0.1,1,0.1,0,0,50,8,65.3
Georgia Walker,COLL,5,2.5,3,1.5,8,4,5,2.5,3,1.5,62.5,2,1,0,0,0,0,0,0,0,0,0,0,0,0,0,0,1,0.5,1,0.5,0,0,3,1.5,0,0,0,0,1,0.5,0,0,0,0,0,0,0,2,40.1
Hannah Dunn,GWS,3,3,1,1,4,4,4,4,1,1,0,5,5,1,1,0,0,0,0,0,0,1,1,0,0,1,1,1,1,0,0,3,3,4,4,0,0,0,0,0,0,0,0,0,0,0,0,0,1,44.5
Hannah Scott,WB,68,9.7,21,3,89,12.7,32,4.6,51,7.3,59.6,24,3.4,15,2.1,1,0.1,0,0,0,0,3,0.4,0,0,3,0.4,23,3.3,4,0.6,8,1.1,23,3.3,22,3.1,1,0.1,18,2.6,1,0.1,0,0,1,0.1,100,7,92.7
Hannah Wallett,GWS,6,1.5,4,1,10,2.5,7,1.8,4,1,70,2,0.5,3,0.8,0,0,0,0,0,0,1,0.3,0,0,1,0.3,1,0.3,1,0.3,2,0.5,8,2,2,0.5,0,0,1,0.3,1,0.3,1,0.3,0,0,50,4,47
Harriet Cordner,MELB,18,2.6,11,1.6,29,4.1,18,2.6,15,2.1,58.6,13,1.9,4,0.6,1,0.1,1,0.1,16,2.3,4,0.6,1,0.1,3,0.4,1,0.1,1,0.1,8,1.1,23,3.3,3,0.4,0,0,4,0.6,1,0.1,1,0.1,0,0,33.3,7,42
Hayley Miller,FRE,48,6.9,10,1.4,58,8.3,28,4,31,4.4,56.9,11,1.6,15,2.1,1,0.1,1,0.1,0,0,3,0.4,0,0,3,0.4,6,0.9,4,0.6,2,0.3,15,2.1,7,1,9,1.3,13,1.9,0,0,1,0.1,1,0.1,0,7,89.3
Hayley Trevean,CARL,6,6,3,3,9,9,3,3,6,6,77.8,1,1,2,2,0,0,0,0,0,0,0,0,0,0,0,0,2,2,1,1,1,1,0,0,1,1,0,0,1,1,0,0,0,0,1,1,0,1,53.8
Hayley Wildes,WB,39,5.6,16,2.3,55,7.9,25,3.6,28,4,67.3,10,1.4,6,0.9,1,0.1,0,0,0,0,1,0.1,0,0,1,0.1,9,1.3,3,0.4,1,0.1,13,1.9,9,1.3,5,0.7,11,1.6,1,0.1,3,0.4,2,0.3,25,7,72.9
Heather Anderson,ADEL,40,5,13,1.6,53,6.6,20,2.5,30,3.8,54.7,12,1.5,7,0.9,1,0.1,0,0,1,0.1,2,0.3,1,0.1,1,0.1,9,1.1,1,0.1,2,0.3,9,1.1,15,1.9,4,0.5,4,0.5,0,0,0,0,1,0.1,0,8,66.3
Helen Roden,COLL,3,3,1,1,4,4,1,1,2,2,25,0,0,1,1,0,0,0,0,0,0,0,0,0,0,0,0,0,0,0,0,0,0,5,5,0,0,0,0,0,0,0,0,0,0,0,0,0,1,42.3
Isabella Ayre,CARL,13,2.2,5,0.8,18,3,8,1.3,10,1.7,72.2,7,1.2,7,1.2,1,0.2,5,0.8,0,0,0,0,0,0,0,0,0,0,0,0,3,0.5,4,0.7,3,0.5,0,0,1,0.2,4,0.7,2,0.3,2,0.3,66.7,6,65.2
Isabella Rudolph,GWS,0,0,1,1,1,1,0,0,1,1,0,1,1,0,0,0,0,0,0,0,0,0,0,0,0,0,0,0,0,0,0,0,0,1,1,0,0,0,0,0,0,0,0,0,0,0,0,0,1,27.8
Jacinda Barclay,GWS,27,4.5,9,1.5,36,6,18,3,19,3.2,50,10,1.7,13,2.2,3,0.5,8,1.3,1,0.2,1,0.2,0,0,1,0.2,1,0.2,3,0.5,5,0.8,10,1.7,2,0.3,0,0,5,0.8,4,0.7,3,0.5,4,0.7,36.4,6,82.8
Jade Ransfield,BL,0,0,0,0,0,0,0,0,0,0,0,0,0,0,0,0,0,0,0,0,0,0,0,0,0,0,0,0,0,0,0,0,0,0,0,0,0,0,0,0,0,0,0,0,0,0,0,0,0,0
Jaimee Lambert,WB,34,5.7,15,2.5,49,8.2,29,4.8,22,3.7,59.2,7,1.2,6,1,1,0.2,4,0.7,0,0,16,2.7,4,0.7,12,2,1,0.2,8,1.3,1,0.2,15,2.5,1,0.2,2,0.3,7,1.2,5,0.8,2,0.3,0,0,62.5,6,65.6
Jamie Stanton,BL,60,7.5,14,1.8,74,9.3,28,3.5,45,5.6,56.8,15,1.9,15,1.9,0,0,1,0.1,0,0,6,0.8,1,0.1,5,0.6,10,1.3,4,0.5,5,0.6,23,2.9,6,0.8,0,0,8,1,0,0,0,0,0,0,0,8,66.2
Jasmine Anderson,ADEL,0,0,0,0,0,0,0,0,0,0,0,0,0,0,0,0,0,0,0,0,0,0,0,0,0,0,0,0,0,0,0,0,0,0,0,0,0,0,0,0,0,0,0,0,0,0,0,0,0,0
Jasmine Garner,COLL,52,7.4,10,1.4,62,8.9,22,3.1,39,5.6,56.5,7,1,23,3.3,4,0.6,7,1,0,0,3,0.4,0,0,3,0.4,2,0.3,5,0.7,1,0.1,17,2.4,2,0.3,0,0,19,2.7,5,0.7,3,0.4,4,0.6,50,7,79
Jasmine Grierson,MELB,48,6.9,29,4.1,77,11,29,4.1,49,7,75.3,12,1.7,17,2.4,1,0.1,1,0.1,0,0,4,0.6,1,0.1,3,0.4,9,1.3,5,0.7,4,0.6,13,1.9,7,1,0,0,6,0.9,1,0.1,0,0,0,0,50,7,80.8
Jenna McCormick,ADEL,29,4.1,14,2,43,6.1,23,3.3,16,2.3,60.5,7,1,6,0.9,1,0.1,4,0.6,0,0,1,0.1,0,0,1,0.1,1,0.1,3,0.4,5,0.7,13,1.9,2,0.3,0,0,8,1.1,4,0.6,2,0.3,0,0,57.1,7,69.1
Jess Bibby,GWS,20,2.9,16,2.3,36,5.1,14,2,20,2.9,55.6,3,0.4,12,1.7,0,0,0,0,0,0,1,0.1,0,0,1,0.1,8,1.1,3,0.4,0,0,16,2.3,2,0.3,0,0,3,0.4,0,0,0,0,0,0,0,7,60.5
Jess Dal Pos,GWS,79,11.3,18,2.6,97,13.9,52,7.4,40,5.7,58.8,8,1.1,14,2,1,0.1,2,0.3,0,0,29,4.1,12,1.7,17,2.4,9,1.3,7,1,3,0.4,49,7,4,0.6,0,0,12,1.7,1,0.1,0,0,1,0.1,100,7,91.4
Jess Gardner,WB,8,1.6,18,3.6,26,5.2,17,3.4,10,2,73.1,8,1.6,1,0.2,0,0,0,0,0,0,4,0.8,0,0,4,0.8,1,0.2,4,0.8,6,1.2,13,2.6,2,0.4,0,0,2,0.4,1,0.2,0,0,1,0.2,100,5,54.1
Jess Hosking,CARL,0,0,0,0,0,0,0,0,0,0,0,0,0,0,0,0,0,0,0,0,0,0,0,0,0,0,0,0,0,0,0,0,0,0,0,0,0,0,0,0,0,0,0,0,0,0,0,0,0,0
Jessica Anderson,MELB,16,3.2,6,1.2,22,4.4,11,2.2,10,2,59.1,3,0.6,7,1.4,1,0.2,3,0.6,4,0.8,1,0.2,0,0,1,0.2,0,0,3,0.6,2,0.4,10,2,2,0.4,0,0,4,0.8,1,0.2,3,0.6,0,0,25,5,49.6
Jessica Cameron,COLL,45,6.4,12,1.7,57,8.1,33,4.7,27,3.9,70.2,8,1.1,27,3.9,10,1.4,8,1.1,0,0,3,0.4,0,0,3,0.4,3,0.4,3,0.4,2,0.3,17,2.4,11,1.6,2,0.3,13,1.9,6,0.9,3,0.4,3,0.4,66.7,7,80.9
Jessica Kennedy,CARL,18,4.5,12,3,30,7.5,13,3.3,15,3.8,56.7,6,1.5,4,1,0,0,1,0.3,0,0,3,0.8,0,0,3,0.8,3,0.8,3,0.8,3,0.8,4,1,0,0,1,0.3,1,0.3,0,0,0,0,0,0,0,4,63.9
Jessica Sedunary,ADEL,41,5.1,17,2.1,58,7.3,32,4,26,3.3,41.4,24,3,10,1.3,2,0.3,5,0.6,0,0,5,0.6,0,0,5,0.6,0,0,5,0.6,12,1.5,16,2,3,0.4,2,0.3,12,1.5,3,0.4,4,0.5,1,0.1,27.3,8,71.6
Jessica Wuetschner,BL,44,5.5,17,2.1,61,7.6,26,3.3,36,4.5,55.7,11,1.4,16,2,0,0,6,0.8,0,0,4,0.5,0,0,4,0.5,5,0.6,5,0.6,3,0.4,23,2.9,5,0.6,1,0.1,6,0.8,5,0.6,3,0.4,3,0.4,62.5,8,81.6
Jordan Ivey,CARL,10,5,3,1.5,13,6.5,8,4,6,3,69.2,1,0.5,4,2,1,0.5,0,0,0,0,5,2.5,0,0,5,2.5,2,1,2,1,1,0.5,6,3,1,0.5,0,0,3,1.5,1,0.5,0,0,0,0,100,2,66.3
Jordan Membrey,BL,8,1.6,8,1.6,16,3.2,8,1.6,8,1.6,50,5,1,3,0.6,0,0,0,0,0,0,0,0,0,0,0,0,1,0.2,2,0.4,2,0.4,8,1.6,1,0.2,0,0,2,0.4,1,0.2,0,0,0,0,100,5,40
Justine Mules,ADEL,17,3.4,17,3.4,34,6.8,26,5.2,6,1.2,32.4,5,1,0,0,0,0,0,0,0,0,5,1,0,0,5,1,1,0.2,2,0.4,3,0.6,26,5.2,4,0.8,0,0,2,0.4,0,0,0,0,0,0,0,5,53.2
Kaitlyn Ashmore,BL,57,7.1,18,2.3,75,9.4,30,3.8,40,5,56,12,1.5,22,2.8,1,0.1,6,0.8,1,0.1,4,0.5,0,0,4,0.5,7,0.9,8,1,5,0.6,12,1.5,7,0.9,2,0.3,23,2.9,2,0.3,4,0.5,4,0.5,22.2,8,78.4
Kara Donnellan,FRE,78,13,23,3.8,101,16.8,54,9,45,7.5,62.4,16,2.7,11,1.8,0,0,1,0.2,1,0.2,25,4.2,6,1,19,3.2,9,1.5,9,1.5,8,1.3,40,6.7,7,1.2,4,0.7,19,3.2,4,0.7,0,0,3,0.5,100,6,90.5
Karen Paxman,MELB,102,14.6,50,7.1,152,21.7,68,9.7,84,12,58.6,23,3.3,27,3.9,2,0.3,4,0.6,1,0.1,23,3.3,3,0.4,20,2.9,17,2.4,7,1,6,0.9,23,3.3,13,1.9,3,0.4,14,2,2,0.3,1,0.1,0,0,50,7,93.1
Kate Darby,CARL,5,2.5,1,0.5,6,3,5,2.5,1,0.5,50,1,0.5,1,0.5,0,0,0,0,0,0,1,0.5,0,0,1,0.5,2,1,0,0,0,0,1,0.5,1,0.5,0,0,1,0.5,0,0,0,0,0,0,0,2,54.9
Kate Deegan,BL,3,3,1,1,4,4,2,2,1,1,50,1,1,0,0,0,0,0,0,0,0,0,0,0,0,0,0,0,0,0,0,0,0,0,0,0,0,0,0,2,2,0,0,0,0,0,0,0,1,64.9
Kate Lutkins,BL,59,7.4,7,0.9,66,8.3,34,4.3,27,3.4,59.1,14,1.8,12,1.5,2,0.3,1,0.1,4,0.5,4,0.5,0,0,4,0.5,13,1.6,10,1.3,6,0.8,17,2.1,15,1.9,3,0.4,13,1.6,1,0.1,0,0,1,0.1,50,8,79.2
Kate McCarthy,BL,39,4.9,11,1.4,50,6.3,21,2.6,33,4.1,58,15,1.9,9,1.1,1,0.1,3,0.4,0,0,2,0.3,0,0,2,0.3,4,0.5,3,0.4,4,0.5,21,2.6,1,0.1,12,1.5,12,1.5,9,1.1,1,0.1,1,0.1,75,8,70.2
Kate Sheahan,COLL,0,0,0,0,0,0,0,0,1,1,0,1,1,0,0,0,0,0,0,0,0,0,0,0,0,0,0,0,0,0,0,0,0,0,0,0,0,0,0,0,0,0,0,0,0,0,0,0,1,13.3
Kate Shierlaw,CARL,19,3.2,10,1.7,29,4.8,10,1.7,17,2.8,58.6,10,1.7,11,1.8,2,0.3,3,0.5,7,1.2,1,0.2,0,0,1,0.2,1,0.2,4,0.7,3,0.5,5,0.8,1,0.2,0,0,5,0.8,2,0.3,1,0.2,3,0.5,40,6,58.5
Kate Stanton,GWS,10,2.5,3,0.8,13,3.3,11,2.8,3,0.8,46.2,5,1.3,1,0.3,0,0,1,0.3,0,0,0,0,0,0,0,0,0,0,5,1.3,2,0.5,5,1.3,0,0,0,0,3,0.8,1,0.3,1,0.3,1,0.3,50,4,58.8
Kate Tyndall,WB,7,1,21,3,28,4,19,2.7,10,1.4,57.1,12,1.7,4,0.6,0,0,1,0.1,0,0,5,0.7,0,0,5,0.7,0,0,1,0.1,9,1.3,16,2.3,4,0.6,0,0,3,0.4,0,0,1,0.1,2,0.3,0,7,63.2
Katherine Gillespie-Jones,CARL,18,2.6,32,4.6,50,7.1,27,3.9,24,3.4,76,9,1.3,7,1,3,0.4,1,0.1,11,1.6,2,0.3,0,0,2,0.3,4,0.6,2,0.3,6,0.9,16,2.3,19,2.7,0,0,7,1,0,0,1,0.1,1,0.1,0,7,81.7
Katherine Smith,MELB,24,3.4,22,3.1,46,6.6,25,3.6,19,2.7,63,10,1.4,3,0.4,0,0,0,0,0,0,0,0,0,0,0,0,6,0.9,5,0.7,4,0.6,16,2.3,12,1.7,0,0,4,0.6,0,0,0,0,0,0,0,7,85
Katie Brennan,WB,19,9.5,7,3.5,26,13,11,5.5,15,7.5,61.5,5,2.5,7,3.5,2,1,3,1.5,2,1,3,1.5,0,0,3,1.5,0,0,3,1.5,3,1.5,8,4,1,0.5,0,0,5,2.5,3,1.5,1,0.5,2,1,50,2,95.7
Katie Loynes,CARL,40,5.7,23,3.3,63,9,41,5.9,20,2.9,65.1,9,1.3,8,1.1,3,0.4,1,0.1,0,0,18,2.6,7,1,11,1.6,3,0.4,10,1.4,4,0.6,27,3.9,8,1.1,0,0,13,1.9,1,0.1,0,0,3,0.4,100,7,73.9
Kellie Gibson,ADEL,38,4.8,16,2,54,6.8,23,2.9,30,3.8,53.7,22,2.8,9,1.1,1,0.1,4,0.5,0,0,0,0,0,0,0,0,3,0.4,8,1,10,1.3,11,1.4,1,0.1,0,0,6,0.8,4,0.5,2,0.3,0,0,36.4,8,71.2
Kelly Clinch,FRE,14,2.3,20,3.3,34,5.7,26,4.3,12,2,47.1,13,2.2,2,0.3,0,0,0,0,37,6.2,3,0.5,1,0.2,2,0.3,4,0.7,2,0.3,4,0.7,15,2.5,4,0.7,0,0,5,0.8,0,0,0,0,0,0,0,6,72.8
Kendra Heil,COLL,0,0,0,0,0,0,0,0,0,0,0,0,0,0,0,0,0,0,0,0,0,0,0,0,0,0,0,0,0,0,0,0,0,0,0,0,0,0,0,0,0,0,0,0,0,0,0,0,0,0
Kiara Bowers,FRE,0,0,0,0,0,0,0,0,0,0,0,0,0,0,0,0,0,0,0,0,0,0,0,0,0,0,0,0,0,0,0,0,0,0,0,0,0,0,0,0,0,0,0,0,0,0,0,0,0,0
Kim Mickle,FRE,2,2,0,0,2,2,3,3,0,0,100,1,1,0,0,0,0,0,0,0,0,0,0,0,0,0,0,0,0,2,2,1,1,2,2,0,0,0,0,2,2,0,0,0,0,0,0,0,1,34.8
Kimberley Ebb,WB,3,0.8,4,1,7,1.8,5,1.3,3,0.8,42.9,3,0.8,0,0,0,0,0,0,0,0,0,0,0,0,0,0,1,0.3,1,0.3,2,0.5,5,1.3,2,0.5,0,0,0,0,0,0,0,0,0,0,0,4,58.6
Kira Phillips,FRE,19,3.8,4,0.8,23,4.6,9,1.8,12,2.4,43.5,10,2,8,1.6,2,0.4,3,0.6,0,0,1,0.2,0,0,1,0.2,2,0.4,1,0.2,6,1.2,3,0.6,2,0.4,0,0,5,1,2,0.4,3,0.6,1,0.2,28.6,5,56.8
Kirby Bentley,FRE,48,6.9,24,3.4,72,10.3,31,4.4,38,5.4,65.3,15,2.1,19,2.7,2,0.3,2,0.3,0,0,4,0.6,0,0,4,0.6,10,1.4,6,0.9,6,0.9,4,0.6,7,1,4,0.6,8,1.1,1,0.1,1,0.1,0,0,50,7,89.3
Kirsten McLeod,WB,26,4.3,16,2.7,42,7,24,4,19,3.2,54.8,7,1.2,3,0.5,0,0,2,0.3,0,0,1,0.2,0,0,1,0.2,0,0,5,0.8,2,0.3,14,2.3,6,1,3,0.5,9,1.5,4,0.7,8,1.3,0,0,33.3,6,77.5
Kirsty Lamb,WB,47,7.8,15,2.5,62,10.3,38,6.3,25,4.2,46.8,18,3,6,1,0,0,0,0,0,0,16,2.7,3,0.5,13,2.2,2,0.3,10,1.7,7,1.2,20,3.3,2,0.3,1,0.2,7,1.2,4,0.7,0,0,0,0,80,6,59.9
Kristy De Pellegrini,GWS,8,1.3,10,1.7,18,3,15,2.5,2,0.3,55.6,5,0.8,1,0.2,0,0,0,0,1,0.2,2,0.3,0,0,2,0.3,0,0,3,0.5,3,0.5,8,1.3,10,1.7,0,0,0,0,0,0,0,0,0,0,0,6,75.4
Lara Filocamo,FRE,67,9.6,40,5.7,107,15.3,59,8.4,46,6.6,53.3,16,2.3,12,1.7,0,0,2,0.3,0,0,21,3,9,1.3,12,1.7,3,0.4,9,1.3,5,0.7,31,4.4,3,0.4,1,0.1,9,1.3,1,0.1,2,0.3,0,0,33.3,7,82.2
Laura Attard,CARL,25,3.6,10,1.4,35,5,16,2.3,17,2.4,62.9,10,1.4,7,1,1,0.1,0,0,0,0,1,0.1,0,0,1,0.1,11,1.6,1,0.1,5,0.7,8,1.1,8,1.1,0,0,0,0,0,0,0,0,0,0,0,7,88.6
Laura Bailey,WB,14,2.3,29,4.8,43,7.2,22,3.7,20,3.3,67.4,12,2,6,1,0,0,2,0.3,0,0,3,0.5,1,0.2,2,0.3,1,0.2,5,0.8,8,1.3,10,1.7,6,1,0,0,2,0.3,1,0.2,0,0,0,0,100,6,68.7
Laura Duryea,MELB,54,7.7,10,1.4,64,9.1,23,3.3,31,4.4,57.8,17,2.4,7,1,0,0,0,0,0,0,2,0.3,0,0,2,0.3,16,2.3,2,0.3,7,1,11,1.6,19,2.7,0,0,2,0.3,0,0,0,0,0,0,0,7,94.6
Lauren Arnell,CARL,60,8.6,24,3.4,84,12,52,7.4,35,5,52.4,11,1.6,11,1.6,0,0,3,0.4,0,0,16,2.3,4,0.6,12,1.7,6,0.9,6,0.9,3,0.4,26,3.7,5,0.7,0,0,19,2.7,2,0.3,2,0.3,1,0.1,33.3,7,73.1
Lauren Brazzale,CARL,39,5.6,7,1,46,6.6,26,3.7,18,2.6,60.9,14,2,8,1.1,2,0.3,1,0.1,0,0,5,0.7,2,0.3,3,0.4,6,0.9,2,0.3,4,0.6,15,2.1,3,0.4,0,0,8,1.1,1,0.1,0,0,1,0.1,100,7,67.5
Lauren Morecroft,WB,4,2,3,1.5,7,3.5,4,2,3,1.5,57.1,0,0,1,0.5,0,0,0,0,0,0,0,0,0,0,0,0,2,1,1,0.5,0,0,2,1,4,2,0,0,0,0,0,0,0,0,0,0,0,2,62.6
Lauren O'Shea,ADEL,0,0,0,0,0,0,0,0,0,0,0,0,0,0,0,0,0,0,0,0,0,0,0,0,0,0,0,0,0,0,0,0,0,0,0,0,0,0,0,0,0,0,0,0,0,0,0,0,0,0
Lauren Pearce,MELB,30,4.3,26,3.7,56,8,36,5.1,21,3,50,8,1.1,13,1.9,5,0.7,1,0.1,99,14.1,11,1.6,2,0.3,9,1.3,12,1.7,6,0.9,4,0.6,18,2.6,16,2.3,0,0,8,1.1,0,0,2,0.3,0,0,0,7,65.1
Lauren Spark,WB,36,5.1,20,2.9,56,8,32,4.6,26,3.7,51.8,12,1.7,21,3,8,1.1,1,0.1,7,1,3,0.4,0,0,3,0.4,10,1.4,3,0.4,4,0.6,5,0.7,14,2,0,0,3,0.4,0,0,2,0.3,1,0.1,0,7,92.1
Lauren Tesoriero,COLL,24,4.8,22,4.4,46,9.2,39,7.8,10,2,58.7,8,1.6,7,1.4,2,0.4,1,0.2,1,0.2,18,3.6,3,0.6,15,3,2,0.4,2,0.4,5,1,18,3.6,3,0.6,0,0,4,0.8,0,0,1,0.2,0,0,0,5,53.9
Leah Kaslar,BL,28,3.5,29,3.6,57,7.1,43,5.4,13,1.6,56.1,13,1.6,7,0.9,1,0.1,0,0,0,0,2,0.3,0,0,2,0.3,15,1.9,4,0.5,4,0.5,18,2.3,24,3,0,0,1,0.1,0,0,0,0,0,0,0,8,97.2
Libby Birch,WB,24,3.4,28,4,52,7.4,27,3.9,26,3.7,63.5,14,2,3,0.4,1,0.1,0,0,1,0.1,1,0.1,0,0,1,0.1,2,0.3,2,0.3,5,0.7,13,1.9,15,2.1,1,0.1,1,0.1,0,0,0,0,0,0,0,7,76.4
Lily Mithen,MELB,67,9.6,46,6.6,113,16.1,47,6.7,67,9.6,52.2,17,2.4,14,2,0,0,2,0.3,0,0,17,2.4,6,0.9,11,1.6,7,1,16,2.3,5,0.7,19,2.7,5,0.7,2,0.3,12,1.7,0,0,2,0.3,1,0.1,0,7,79.7
Lisa Steane,GWS,0,0,0,0,0,0,0,0,0,0,0,0,0,0,0,0,0,0,0,0,0,0,0,0,0,0,0,0,0,0,0,0,0,0,0,0,0,0,0,0,0,0,0,0,0,0,0,0,0,0
Lisa Williams,WB,10,1.7,14,2.3,24,4,11,1.8,14,2.3,41.7,7,1.2,0,0,0,0,0,0,1,0.2,1,0.2,0,0,1,0.2,3,0.5,1,0.2,3,0.5,13,2.2,6,1,0,0,2,0.3,0,0,0,0,0,0,0,6,59
Lou Wotton,COLL,2,0.7,2,0.7,4,1.3,3,1,2,0.7,0,2,0.7,1,0.3,0,0,0,0,33,11,2,0.7,1,0.3,1,0.3,2,0.7,0,0,1,0.3,5,1.7,3,1,0,0,0,0,0,0,0,0,0,0,0,3,37.4
Louise Stephenson,GWS,10,3.3,6,2,16,5.3,11,3.7,6,2,43.8,4,1.3,4,1.3,3,1,0,0,6,2,2,0.7,0,0,2,0.7,2,0.7,1,0.3,2,0.7,1,0.3,2,0.7,1,0.3,2,0.7,0,0,0,0,0,0,0,3,63
Maddy Collier,GWS,47,6.7,15,2.1,62,8.9,32,4.6,33,4.7,46.8,23,3.3,15,2.1,1,0.1,1,0.1,0,0,8,1.1,1,0.1,7,1,8,1.1,8,1.1,9,1.3,27,3.9,3,0.4,6,0.9,10,1.4,0,0,2,0.3,0,0,0,7,71.5
Madeleine Boyd,MELB,22,3.1,14,2,36,5.1,14,2,22,3.1,50,12,1.7,8,1.1,1,0.1,1,0.1,39,5.6,4,0.6,1,0.1,3,0.4,2,0.3,2,0.3,5,0.7,16,2.3,5,0.7,0,0,7,1,0,0,0,0,0,0,0,7,51.8
Madeline Keryk,CARL,43,7.2,15,2.5,58,9.7,32,5.3,28,4.7,50,25,4.2,5,0.8,0,0,1,0.2,0,0,16,2.7,4,0.7,12,2,8,1.3,2,0.3,13,2.2,19,3.2,2,0.3,0,0,11,1.8,0,0,0,0,2,0.3,0,6,64
Mai Nguyen,GWS,17,5.7,1,0.3,18,6,5,1.7,10,3.3,61.1,2,0.7,5,1.7,0,0,0,0,0,0,1,0.3,0,0,1,0.3,3,1,3,1,1,0.3,1,0.3,1,0.3,0,0,6,2,1,0.3,0,0,0,0,100,3,40.2
Meg Downie,MELB,11,5.5,8,4,19,9.5,13,6.5,9,4.5,57.9,3,1.5,5,2.5,1,0.5,0,0,0,0,3,1.5,0,0,3,1.5,3,1.5,4,2,2,1,3,1.5,2,1,0,0,1,0.5,0,0,0,0,0,0,0,2,91.1
Meg Hutchins,COLL,57,8.1,13,1.9,70,10,25,3.6,38,5.4,72.9,12,1.7,16,2.3,0,0,0,0,1,0.1,1,0.1,0,0,1,0.1,23,3.3,5,0.7,1,0.1,8,1.1,12,1.7,2,0.3,7,1,0,0,0,0,0,0,0,7,88.5
Meg McDonald,WB,9,2.3,7,1.8,16,4,8,2,9,2.3,43.8,2,0.5,9,2.3,2,0.5,6,1.5,7,1.8,1,0.3,0,0,1,0.3,0,0,1,0.3,0,0,3,0.8,2,0.5,0,0,2,0.5,1,0.3,2,0.5,0,0,20,4,86.4
Megan Hunt,BL,61,7.6,28,3.5,89,11.1,41,5.1,50,6.3,58.4,21,2.6,23,2.9,2,0.3,0,0,0,0,13,1.6,3,0.4,10,1.3,7,0.9,8,1,13,1.6,32,4,5,0.6,3,0.4,6,0.8,0,0,0,0,1,0.1,0,8,73.7
Mel Hickey,MELB,36,5.1,45,6.4,81,11.6,37,5.3,49,7,75.3,14,2,19,2.7,2,0.3,1,0.1,0,0,7,1,2,0.3,5,0.7,6,0.9,4,0.6,6,0.9,26,3.7,18,2.6,0,0,10,1.4,1,0.1,0,0,1,0.1,50,7,90.4
Melissa Caulfield,FRE,18,3.6,15,3,33,6.6,19,3.8,15,3,51.5,4,0.8,4,0.8,0,0,0,0,0,0,9,1.8,3,0.6,6,1.2,0,0,3,0.6,2,0.4,20,4,3,0.6,0,0,6,1.2,1,0.2,0,0,0,0,50,5,68.4
Melissa Kuys,COLL,47,7.8,9,1.5,56,9.3,34,5.7,26,4.3,50,18,3,13,2.2,0,0,1,0.2,0,0,12,2,3,0.5,9,1.5,5,0.8,5,0.8,7,1.2,12,2,3,0.5,0,0,7,1.2,0,0,0,0,2,0.3,0,6,57.5
Mia-Rae Clifford,MELB,15,2.1,6,0.9,21,3,15,2.1,7,1,57.1,7,1,1,0.1,0,0,0,0,0,0,2,0.3,0,0,2,0.3,6,0.9,4,0.6,3,0.4,12,1.7,13,1.9,0,0,1,0.1,0,0,0,0,0,0,0,7,82.5
Moana Hope,COLL,29,4.1,7,1,36,5.1,23,3.3,13,1.9,47.2,11,1.6,14,2,5,0.7,10,1.4,0,0,1,0.1,0,0,1,0.1,0,0,4,0.6,4,0.6,6,0.9,2,0.3,2,0.3,5,0.7,7,1,8,1.1,3,0.4,46.7,7,89.7
Monique Hollick,ADEL,12,4,9,3,21,7,12,4,9,3,47.6,2,0.7,3,1,0,0,0,0,0,0,1,0.3,0,0,1,0.3,2,0.7,1,0.3,0,0,8,2.7,2,0.7,0,0,6,2,0,0,0,0,1,0.3,0,3,71.6
Nat Exon,CARL,24,4.8,20,4,44,8.8,22,4.4,26,5.2,52.3,7,1.4,9,1.8,2,0.4,2,0.4,2,0.4,4,0.8,1,0.2,3,0.6,2,0.4,2,0.4,4,0.8,18,3.6,3,0.6,0,0,8,1.6,0,0,3,0.6,1,0.2,0,5,66.2
Natalie Plane,CARL,1,1,0,0,1,1,0,0,1,1,100,0,0,0,0,0,0,0,0,0,0,0,0,0,0,0,0,0,0,0,0,0,0,0,0,0,0,0,0,0,0,0,0,0,0,0,0,0,1,33.5
Nicola Barr,GWS,55,7.9,23,3.3,78,11.1,30,4.3,45,6.4,53.8,19,2.7,10,1.4,0,0,1,0.1,0,0,9,1.3,2,0.3,7,1,17,2.4,9,1.3,3,0.4,22,3.1,5,0.7,2,0.3,8,1.1,0,0,0,0,2,0.3,0,7,84.5
Nicola Stevens,COLL,50,7.1,17,2.4,67,9.6,39,5.6,28,4,62.7,14,2,23,3.3,7,1,0,0,0,0,2,0.3,0,0,2,0.3,10,1.4,7,1,6,0.9,22,3.1,17,2.4,0,0,4,0.6,0,0,0,0,0,0,0,7,94.6
Nicole Callinan,WB,33,4.7,35,5,68,9.7,36,5.1,39,5.6,64.7,10,1.4,12,1.7,2,0.3,0,0,0,0,6,0.9,2,0.3,4,0.6,8,1.1,3,0.4,4,0.6,14,2,13,1.9,2,0.3,6,0.9,0,0,0,0,1,0.1,0,7,73.5
Nicole Hildebrand,BL,47,5.9,7,0.9,54,6.8,29,3.6,26,3.3,63,15,1.9,18,2.3,6,0.8,0,0,0,0,4,0.5,0,0,4,0.5,10,1.3,3,0.4,6,0.8,10,1.3,10,1.3,1,0.1,7,0.9,0,0,0,0,1,0.1,0,8,67.9
Nikki Wallace,BL,18,2.3,21,2.6,39,4.9,23,2.9,16,2,53.8,13,1.6,5,0.6,1,0.1,1,0.1,0,0,6,0.8,0,0,6,0.8,3,0.4,2,0.3,6,0.8,16,2,1,0.1,0,0,4,0.5,0,0,0,0,0,0,0,8,43.2
Penny Cula-Reid,COLL,5,2.5,0,0,5,2.5,4,2,1,0.5,80,3,1.5,1,0.5,0,0,0,0,0,0,0,0,0,0,0,0,2,1,0,0,1,0.5,1,0.5,5,2.5,0,0,0,0,0,0,0,0,0,0,0,2,51.7
Pepa Randall,MELB,0,0,0,0,0,0,0,0,0,0,0,0,0,0,0,0,0,0,0,0,0,0,0,0,0,0,0,0,0,0,0,0,0,0,0,0,0,0,0,0,0,0,0,0,0,0,0,0,0,0
Phoebe McWilliams,GWS,25,3.6,17,2.4,42,6,24,3.4,18,2.6,76.2,8,1.1,13,1.9,3,0.4,7,1,8,1.1,4,0.6,0,0,4,0.6,1,0.1,6,0.9,3,0.4,9,1.3,5,0.7,0,0,9,1.3,7,1,1,0.1,0,0,77.8,7,82.3
Rachael Killian,ADEL,28,4.7,9,1.5,37,6.2,21,3.5,17,2.8,48.6,9,1.5,8,1.3,1,0.2,2,0.3,1,0.2,0,0,0,0,0,0,0,0,4,0.7,1,0.2,9,1.5,5,0.8,0,0,9,1.5,2,0.3,3,0.5,2,0.3,22.2,6,74.3
Rebecca Beeson,GWS,38,5.4,35,5,73,10.4,39,5.6,33,4.7,53.4,13,1.9,10,1.4,0,0,5,0.7,0,0,2,0.3,0,0,2,0.3,5,0.7,6,0.9,8,1.1,15,2.1,5,0.7,0,0,8,1.1,3,0.4,2,0.3,0,0,37.5,7,86.9
Rebecca Neaves,WB,11,2.2,8,1.6,19,3.8,5,1,14,2.8,47.4,3,0.6,6,1.2,0,0,1,0.2,0,0,2,0.4,0,0,2,0.4,1,0.2,1,0.2,1,0.2,6,1.2,1,0.2,0,0,2,0.4,0,0,2,0.4,1,0.2,0,5,40.7
Rebecca Privitelli,CARL,29,5.8,9,1.8,38,7.6,17,3.4,21,4.2,55.3,6,1.2,11,2.2,4,0.8,1,0.2,0,0,2,0.4,0,0,2,0.4,6,1.2,1,0.2,0,0,3,0.6,3,0.6,0,0,5,1,1,0.2,0,0,0,0,100,5,55.3
Renee Forth,GWS,0,0,0,0,0,0,0,0,0,0,0,0,0,0,0,0,0,0,0,0,0,0,0,0,0,0,0,0,0,0,0,0,0,0,0,0,0,0,0,0,0,0,0,0,0,0,0,0,0,0
Renee Tomkins,GWS,46,6.6,9,1.3,55,7.9,27,3.9,20,2.9,52.7,19,2.7,14,2,2,0.3,0,0,0,0,3,0.4,0,0,3,0.4,24,3.4,1,0.1,6,0.9,13,1.9,33,4.7,0,0,2,0.3,0,0,0,0,0,0,0,7,98.9
Rhiannon Metcalfe,ADEL,35,4.4,16,2,51,6.4,22,2.8,21,2.6,56.9,12,1.5,9,1.1,3,0.4,2,0.3,136,17,6,0.8,2,0.3,4,0.5,7,0.9,1,0.1,3,0.4,4,0.5,5,0.6,0,0,6,0.8,0,0,1,0.1,0,0,0,8,66.3
Richelle Cranston,MELB,25,4.2,19,3.2,44,7.3,25,4.2,22,3.7,70.5,9,1.5,9,1.5,0,0,1,0.2,2,0.3,4,0.7,0,0,4,0.7,2,0.3,2,0.3,6,1,18,3,8,1.3,0,0,6,1,1,0.2,3,0.5,0,0,20,6,60.6
Romy Timmins,WB,1,0.5,0,0,1,0.5,1,0.5,0,0,0,0,0,0,0,0,0,0,0,0,0,1,0.5,0,0,1,0.5,1,0.5,0,0,0,0,2,1,0,0,0,0,1,0.5,0,0,0,0,0,0,0,2,35.5
Ruby Schleicher,COLL,9,1.8,6,1.2,15,3,8,1.6,6,1.2,40,8,1.6,0,0,0,0,0,0,21,4.2,4,0.8,1,0.2,3,0.6,1,0.2,2,0.4,3,0.6,14,2.8,3,0.6,0,0,2,0.4,0,0,0,0,0,0,0,5,36.8
Sabrina Frederick-Traub,BL,72,9,22,2.8,94,11.8,55,6.9,40,5,50,14,1.8,20,2.5,11,1.4,8,1,58,7.3,6,0.8,3,0.4,3,0.4,1,0.1,12,1.5,5,0.6,15,1.9,6,0.8,3,0.4,22,2.8,6,0.8,4,0.5,4,0.5,35.3,8,98.7
Sally Riley,ADEL,30,3.8,20,2.5,50,6.3,26,3.3,24,3,58,9,1.1,7,0.9,0,0,1,0.1,0,0,6,0.8,1,0.1,5,0.6,2,0.3,5,0.6,3,0.4,18,2.3,4,0.5,0,0,6,0.8,3,0.4,0,0,1,0.1,75,8,66.4
Samantha Virgo,BL,52,6.5,26,3.3,78,9.8,42,5.3,36,4.5,60.3,13,1.6,14,1.8,1,0.1,1,0.1,0,0,1,0.1,0,0,1,0.1,14,1.8,8,1,6,0.8,24,3,10,1.3,0,0,4,0.5,0,0,0,0,0,0,0,8,96.5
Sarah Allan,ADEL,19,3.2,20,3.3,39,6.5,28,4.7,12,2,56.4,6,1,9,1.5,3,0.5,0,0,18,3,9,1.5,5,0.8,4,0.7,2,0.3,3,0.5,3,0.5,9,1.5,7,1.2,1,0.2,4,0.7,0,0,1,0.2,0,0,0,6,54.4
Sarah D'Arcy,COLL,48,6.9,28,4,76,10.9,49,7,26,3.7,60.5,14,2,18,2.6,4,0.6,5,0.7,0,0,7,1,2,0.3,5,0.7,1,0.1,11,1.6,2,0.3,12,1.7,5,0.7,1,0.1,9,1.3,2,0.3,4,0.6,1,0.1,28.6,7,85.2
Sarah Hosking,CARL,35,5,28,4,63,9,34,4.9,33,4.7,58.7,17,2.4,11,1.6,1,0.1,2,0.3,0,0,8,1.1,2,0.3,6,0.9,7,1,8,1.1,7,1,17,2.4,12,1.7,3,0.4,9,1.3,2,0.3,0,0,0,0,66.7,7,83.3
Sarah Jolly,MELB,6,2,6,2,12,4,6,2,7,2.3,83.3,2,0.7,1,0.3,0,0,1,0.3,0,0,4,1.3,0,0,4,1.3,0,0,1,0.3,1,0.3,9,3,0,0,0,0,3,1,1,0.3,0,0,0,0,100,3,32.3
Sarah Lampard,MELB,30,4.3,33,4.7,63,9,34,4.9,28,4,58.7,12,1.7,12,1.7,2,0.3,0,0,0,0,3,0.4,0,0,3,0.4,7,1,4,0.6,3,0.4,17,2.4,2,0.3,0,0,7,1,0,0,1,0.1,1,0.1,0,7,75.1
Sarah Last,CARL,10,3.3,4,1.3,14,4.7,9,3,6,2,78.6,4,1.3,1,0.3,0,0,0,0,0,0,0,0,0,0,0,0,1,0.3,0,0,1,0.3,3,1,5,1.7,0,0,2,0.7,0,0,0,0,0,0,0,3,79.4
Sarah Perkins,ADEL,43,5.4,24,3,67,8.4,43,5.4,24,3,52.2,13,1.6,18,2.3,8,1,16,2,21,2.6,2,0.3,0,0,2,0.3,0,0,7,0.9,5,0.6,24,3,7,0.9,0,0,11,1.4,11,1.4,8,1,2,0.3,44,8,92.7
Selina Goodman,BL,6,0.8,10,1.3,16,2,14,1.8,6,0.8,50,7,0.9,2,0.3,0,0,0,0,39,4.9,1,0.1,1,0.1,0,0,2,0.3,2,0.3,2,0.3,10,1.3,3,0.4,0,0,2,0.3,0,0,0,0,0,0,0,8,38.8
Shae Audley,CARL,35,5,28,4,63,9,51,7.3,14,2,52.4,9,1.3,4,0.6,1,0.1,0,0,0,0,19,2.7,5,0.7,14,2,4,0.6,8,1.1,4,0.6,39,5.6,7,1,0,0,8,1.1,2,0.3,1,0.1,1,0.1,66.7,7,66.1
Shaleise Law,BL,5,1.7,0,0,5,1.7,0,0,4,1.3,40,1,0.3,1,0.3,0,0,0,0,0,0,0,0,0,0,0,0,0,0,0,0,0,0,0,0,0,0,0,0,1,0.3,0,0,0,0,0,0,0,3,34.4
Shannon Campbell,BL,45,6.4,8,1.1,53,7.6,29,4.1,17,2.4,50.9,11,1.6,14,2,5,0.7,0,0,0,0,1,0.1,0,0,1,0.1,17,2.4,4,0.6,4,0.6,6,0.9,13,1.9,2,0.3,5,0.7,1,0.1,0,0,0,0,100,7,83.4
Sharni Webb,BL,31,3.9,26,3.3,57,7.1,43,5.4,16,2,52.6,17,2.1,8,1,1,0.1,1,0.1,61,7.6,10,1.3,2,0.3,8,1,6,0.8,8,1,8,1,27,3.4,7,0.9,0,0,9,1.1,0,0,0,0,0,0,0,8,57.2
Shelley Scott,MELB,41,6.8,24,4,65,10.8,34,5.7,31,5.2,63.1,14,2.3,16,2.7,4,0.7,6,1,0,0,7,1.2,1,0.2,6,1,0,0,4,0.7,4,0.7,13,2.2,6,1,2,0.3,11,1.8,5,0.8,2,0.3,2,0.3,62.5,6,88.3
Sophie Armitstead,ADEL,3,3,2,2,5,5,3,3,2,2,80,0,0,1,1,0,0,1,1,0,0,1,1,0,0,1,1,0,0,1,1,0,0,0,0,2,2,0,0,0,0,0,0,0,0,0,0,0,1,42.3
Sophie Casey,COLL,7,1.4,13,2.6,20,4,14,2.8,8,1.6,60,12,2.4,7,1.4,1,0.2,1,0.2,0,0,3,0.6,1,0.2,2,0.4,0,0,2,0.4,9,1.8,13,2.6,1,0.2,0,0,3,0.6,1,0.2,0,0,0,0,100,5,66.3
Stacey Barr,FRE,34,4.9,13,1.9,47,6.7,23,3.3,26,3.7,40.4,14,2,21,3,5,0.7,11,1.6,6,0.9,0,0,0,0,0,0,2,0.3,4,0.6,7,1,6,0.9,4,0.6,0,0,12,1.7,3,0.4,7,1,0,0,23.1,7,67.6
Stacey Livingstone,COLL,43,6.1,8,1.1,51,7.3,21,3,28,4,58.8,15,2.1,16,2.3,0,0,0,0,0,0,2,0.3,0,0,2,0.3,13,1.9,1,0.1,3,0.4,8,1.1,10,1.4,0,0,5,0.7,0,0,0,0,1,0.1,0,7,84.8
Stephanie Cain,FRE,23,3.8,19,3.2,42,7,24,4,19,3.2,47.6,16,2.7,9,1.5,1,0.2,0,0,0,0,7,1.2,0,0,7,1.2,5,0.8,4,0.7,8,1.3,22,3.7,0,0,0,0,1,0.2,0,0,1,0.2,0,0,0,6,62.8
Stephanie Chiocci,COLL,50,7.1,18,2.6,68,9.7,29,4.1,41,5.9,66.2,18,2.6,9,1.3,0,0,0,0,0,0,11,1.6,4,0.6,7,1,3,0.4,8,1.1,11,1.6,21,3,3,0.4,0,0,10,1.4,1,0.1,2,0.3,2,0.3,33.3,7,82.5
Stephanie De Bortoli,MELB,0,0,0,0,0,0,0,0,0,0,0,0,0,0,0,0,0,0,0,0,0,0,0,0,0,0,0,0,0,0,0,0,0,0,0,0,0,0,0,0,0,0,0,0,0,0,0,0,0,0
Stephanie Walker,GWS,11,3.7,3,1,14,4.7,7,2.3,7,2.3,35.7,7,2.3,2,0.7,0,0,0,0,0,0,0,0,0,0,0,0,0,0,3,1,3,1,4,1.3,1,0.3,1,0.3,5,1.7,1,0.3,0,0,1,0.3,33.3,3,51
Stevie-Lee Thompson,ADEL,41,5.1,17,2.1,58,7.3,36,4.5,20,2.5,63.8,12,1.5,2,0.3,0,0,0,0,1,0.1,5,0.6,0,0,5,0.6,11,1.4,3,0.4,5,0.6,11,1.4,8,1,1,0.1,13,1.6,0,0,0,0,1,0.1,0,8,76.2
Tahlia Randall,BL,32,4.6,11,1.6,43,6.1,21,3,20,2.9,55.8,12,1.7,14,2,2,0.3,0,0,3,0.4,1,0.1,0,0,1,0.1,15,2.1,3,0.4,4,0.6,12,1.7,16,2.3,1,0.1,7,1,0,0,0,0,0,0,0,7,81.1
Tahni Nestor,CARL,8,2.7,10,3.3,18,6,15,5,5,1.7,77.8,6,2,3,1,0,0,0,0,0,0,0,0,0,0,0,0,1,0.3,0,0,1,0.3,8,2.7,3,1,0,0,1,0.3,0,0,0,0,0,0,0,3,91.1
Talia Radan,ADEL,28,3.5,18,2.3,46,5.8,28,3.5,17,2.1,58.7,17,2.1,7,0.9,1,0.1,0,0,0,0,3,0.4,0,0,3,0.4,10,1.3,5,0.6,6,0.8,7,0.9,14,1.8,0,0,3,0.4,0,0,0,0,0,0,0,8,74.5
Tara Morgan,COLL,29,4.1,8,1.1,37,5.3,19,2.7,19,2.7,43.2,11,1.6,11,1.6,3,0.4,0,0,0,0,3,0.4,0,0,3,0.4,5,0.7,6,0.9,3,0.4,20,2.9,7,1,3,0.4,3,0.4,0,0,0,0,0,0,0,7,86.3
Tarnica Golisano,FRE,7,1.8,6,1.5,13,3.3,6,1.5,7,1.8,53.8,6,1.5,4,1,0,0,0,0,0,0,1,0.3,0,0,1,0.3,2,0.5,1,0.3,4,1,8,2,4,1,0,0,2,0.5,0,0,0,0,0,0,0,4,41.7
Taryn Priestly,FRE,0,0,0,0,0,0,0,0,0,0,0,0,0,0,0,0,0,0,0,0,0,0,0,0,0,0,0,0,0,0,0,0,0,0,0,0,0,0,0,0,0,0,0,0,0,0,0,0,0,0
Tayla Bresland,FRE,21,3,7,1,28,4,15,2.1,16,2.3,50,13,1.9,8,1.1,1,0.1,0,0,0,0,0,0,0,0,0,0,5,0.7,1,0.1,7,1,13,1.9,15,2.1,0,0,3,0.4,1,0.1,0,0,0,0,100,7,77.6
Tayla Harris,BL,45,5.6,11,1.4,56,7,42,5.3,14,1.8,42.9,36,4.5,23,2.9,17,2.1,10,1.3,5,0.6,4,0.5,0,0,4,0.5,4,0.5,8,1,19,2.4,16,2,6,0.8,0,0,9,1.1,4,0.5,9,1.1,0,0,23.5,8,98.3
Tayla Thorn,ADEL,17,3.4,8,1.6,25,5,12,2.4,10,2,36,15,3,2,0.4,0,0,0,0,3,0.6,2,0.4,0,0,2,0.4,3,0.6,2,0.4,6,1.2,21,4.2,2,0.4,0,0,7,1.4,0,0,0,0,1,0.2,0,5,55.1
Taylah Angel,FRE,14,3.5,4,1,18,4.5,15,3.8,3,0.8,44.4,3,0.8,0,0,0,0,0,0,0,0,7,1.8,4,1,3,0.8,2,0.5,5,1.3,2,0.5,14,3.5,0,0,0,0,3,0.8,0,0,0,0,0,0,0,4,48.9
Tiah Haynes,FRE,13,4.3,6,2,19,6.3,7,2.3,12,4,52.6,7,2.3,2,0.7,0,0,0,0,0,0,1,0.3,0,0,1,0.3,0,0,0,0,2,0.7,5,1.7,1,0.3,2,0.7,1,0.3,0,0,0,0,0,0,0,3,69.8
Tiarna Ernst,WB,11,1.6,30,4.3,41,5.9,31,4.4,12,1.7,80.5,12,1.7,2,0.3,0,0,0,0,90,12.9,8,1.1,3,0.4,5,0.7,4,0.6,10,1.4,8,1.1,29,4.1,11,1.6,0,0,4,0.6,0,0,0,0,1,0.1,0,7,69.2
Tilly Lucas-Rodd,CARL,49,7,24,3.4,73,10.4,28,4,47,6.7,54.8,13,1.9,10,1.4,0,0,1,0.1,1,0.1,5,0.7,1,0.1,4,0.6,6,0.9,1,0.1,3,0.4,18,2.6,5,0.7,0,0,9,1.3,0,0,1,0.1,1,0.1,0,7,61.9
