date,AED,AFN,ALL,AMD,ANG,AOA,ARS,AUD,AWG,AZN,BAM,BBD,BDT,BGN,BHD,BIF,BMD,BND,BOB,BRL,BSD,BTC,BTN,BWP,BYN,BZD,CAD,CDF,CHF,CLF,CLP,CNH,CNY,COP,CRC,CUC,CUP,CVE,CZK,DJF,DKK,DOP,DZD,EGP,ERN,ETB,EUR,FJD,FKP,GBP,GEL,GGP,GHS,GIP,GMD,GNF,GTQ,GYD,HKD,HNL,HRK,HTG,HUF,IDR,ILS,IMP,INR,IQD,IRR,ISK,JEP,JMD,JOD,JPY,KES,KGS,KHR,KMF,KPW,KRW,KWD,KYD,KZT,LAK,LBP,LKR,LRD,LSL,LYD,MAD,MDL,MGA,MKD,MMK,MNT,MOP,MRO,MUR,MVR,MWK,MXN,MYR,MZN,NAD,NGN,NIO,NOK,NPR,NZD,OMR,PAB,PEN,PGK,PHP,PKR,PLN,PYG,QAR,RON,RSD,RUB,RWF,SAR,SBD,SCR,SDG,SEK,SGD,SHP,SLL,SOS,SRD,SSP,STD,SVC,SYP,SZL,THB,TJS,TMT,TND,TOP,TRY,TTD,TWD,TZS,UAH,UGX,USD,UYU,UZS,VEF,VND,VUV,WST,XAF,XAG,XAU,XCD,XDR,XOF,XPD,XPF,XPT,YER,ZAR,ZMW,ZWL
2017-06-20,3.673014,68.138,119.439449,481.202417,1.783103,165.9165,16.143,1.319993,1.795,1.7,1.756747,2,80.876888,1.75644,0.377206,1727.650305,1,1.390342,6.962089,3.3271,1,3.59117516e-4,64.427218,10.316548,1.908786,2.013489,1.32706,1449.579832,0.974705,0.024652,663.8,6.81951,6.827151,3031.41,568.225226,1,25.5,99.3,23.598232,178.97,6.679592,47.359929,108.832995,18.1435,15.339504,23.150418,0.89795,2.044249,0.791668,0.791668,2.40556,0.791668,4.437653,0.791668,45.875,9109.25,7.356171,208.323623,7.799487,23.505377,6.660534,61.947403,277.5935,13289.970876,3.54028,0.791668,64.655,1170.000369,32464.5,103.71,0.791668,129.974663,0.710005,111.33966667,103.455,68.487499,4080,442.201085,900.09,1141.91,0.303304,0.834697,324.182698,8266.2,1507.612443,153.536438,93.995007,13.106233,1.400738,9.793299,18.321089,3125.3,55.287005,1372.48506,2353.615598,8.047397,361.129247,34.819667,15.500232,725.222458,18.22325,4.284033,60.003288,13.106676,324,29.645092000000002,8.54806,103.321199,1.38153,0.384963,1,3.277452,3.179653,50.087,105.043304,3.81348,5659.277124,3.6748,4.130423,109.306583,59.595,847.010575,3.7502,7.841384,13.60391,6.688098,8.779988,1.388919,0.791668,7491.131123,580.09407,7.5175,123.470152,21949.224732,8.764848,214.346667,13.087085,34.030969,8.825257,3.509961,2.465497,2.26218,3.544925,6.7417,30.3615,2237,26.082144,3593.15,1,28.30526,3929.913462,10.10785,22712.339037,107.617513,2.506021,588.991659,0.06053547,8.0327e-4,2.70255,0.725467,588.902037,0.00114088,107.643749,0.00108007,250.275,13.07275,9.210834,322.387247
2017-06-21,3.673014,68.080497,118.807746,479.903225,1.776957,165.9165,16.216437,1.324585,1.794996,1.7,1.751466,2,80.614631,1.751773,0.377162,1724.850305,1,1.391199,6.939366,3.3351,1,3.68742944e-4,64.489209,10.272304,1.912995,2.006926,1.332782,1459,0.972526,0.024712,665.083664,6.831068,6.828476,3027.15,565.692717,1,25.5,99.125,23.55756,178.97,6.661449,47.203668,108.74,18.1415,15.339108,23.07477,0.895515,2.067451,0.78896,0.78896,2.40794,0.78896,4.425,0.78896,45.88,9006.95,7.328223,207.656843,7.799974,23.471023,6.6421,62.064343,277.047333,13312.918415,3.54265,0.78896,64.5516,1164.809957,32471,105.13,0.78896,129.658642,0.710005,111.32748006,103.447294,68.536,4095,441.276628,899.91,1143.5,0.303281,0.831978,325.749503,8251,1504.524887,153.051259,93.996255,13.032555,1.400771,9.776404,18.289976,3155.251613,55.173237,1371.21006,2353.963073,8.021519,359.891814,34.750667,15.500232,725.004944,18.234375,4.287,59.505818,13.034254,324.5,29.52756,8.5285,103.051338,1.379761,0.384931,1,3.269968,3.168916,50.2885,104.831508,3.810675,5578.2,3.6745,4.117375,109.026554,60.275,833.564879,3.7501,7.841384,13.603038,6.666325,8.748563,1.38892,0.78896,7471.7701,577.018737,7.5175,124.337433,21972.979582,8.73596,214.35,13.025836,33.9915,8.786553,3.50998,2.458005,2.263432,3.531424,6.719789,30.458,2236.8,25.976665,3584.5,1,28.325451,3922.125641,10.14375,22727.18716,107.451206,2.508986,588.031563,0.06057669,8.0054e-4,2.70255,0.725308,588.325941,0.00112424,107.309057,0.00107528,250.294142,13.07381,9.210759,322.387247
2017-06-22,3.673014,68.14,118.683355,480.832417,1.782248,165.9165,16.149,1.325952,1.794996,1.7,1.753793,2,80.875888,1.754425,0.377179,1727.325305,1,1.39065,6.958465,3.3411,1,3.65310148e-4,64.591319,10.284644,1.932389,2.012447,1.323176,1470.906338,0.9718,0.024658,663.4,6.835971,6.83465,3026.7,568.830226,1,25.5,99.3,23.58085,178.77,6.6707,47.337717,108.581,18.1425,15.337484,23.138811,0.896872,2.067451,0.788728,0.788728,2.40972,0.788728,4.375367,0.788728,45.885,9101,7.348431,206.379462,7.79905,23.501548,6.6536,62.242002,277.21,13318.331891,3.54705,0.788728,64.5999,1163.419913,32470,104.22,0.788728,130.058003,0.710205,111.29433333,103.6,68.679824,4083.333333,441.626628,899.91,1140.04,0.303673,0.83428,328.279682,8253.683333,1504.524887,153.521438,93.996255,13.025221,1.402906,9.786217,18.291656,3103.75,55.233966,1366.38506,2353.762923,8.044582,361.036747,34.8145,15.519984,724.963277,18.127,4.287,59.963491,13.025221,315.485669,29.610282,8.49156,103.388697,1.376949,0.384844,1,3.268453,3.178069,50.3345,104.938162,3.79815,5589.3,3.6746,4.10318,109.1375,59.8785,846.845575,3.7513,7.864513,13.532962,6.68477,8.755118,1.390047,0.788728,7521.810105,578.716731,7.5175,123.66165,22009.645352,8.759917,214.343333,13.006186,33.98,8.787164,3.50998,2.460193,2.26375,3.513398,6.738241,30.441706,2236.6,26.053801,3592.4,1,28.353428,3929.363462,9.995002,22709.417756,106.786833,2.5233120000000002,588.774861,0.06020832,7.9912e-4,2.70255,0.725165,588.73741,0.00112743,107.375123,0.00107801,250.306642,12.978957,9.276588,322.387247
2017-06-23,3.673014,68.104697,118.025,478.81,1.775643,165.9165,16.178,1.321179,1.795249,1.7,1.747247,2,80.579803,1.7471,0.377086,1725,1,1.386143,6.932746,3.34295,1,3.65845405e-4,64.549119,10.215231,1.923752,2.005047,1.32625,1466,0.969395,0.024552,661.2,6.839478,6.8367000000000004,3021.38,566.945059,1,25.5,98.85,23.469657,178.77,6.6437,47.160653,108.525142,18.1415,15.339581,23.053629,0.893416,2.055151,0.786442,0.786442,2.40842,0.786442,4.425,0.786442,45.875,9067.6,7.3204,207.470729,7.800088,23.392302,6.62494,61.832177,276.662,13317.808403000001,3.5406,0.786442,64.48715,1164.1,32470,103.46,0.786442,129.608642,0.710808,111.28783333,103.705508,68.776181,4080.95,439.7,900.09,1134.905,0.303548,0.831262,325.477374,8232.1,1503.662443,152.81171,93.996255,12.890597,1.397581,9.751259,18.307,3114.8,55.01,1358.65,2351.409399,8.014214,359.724314,34.840667,15.500232,730.25,18.00365,4.288626,59.505818,12.890597,314.485599,29.706673,8.449585,102.948272,1.373344,0.384969,1,3.256,3.166411,50.109333,104.531247,3.772518,5563.2,3.67499,4.08795,108.563881,59.4528,841.721784,3.7506,7.887789,13.266617,6.660279,8.722961,1.3872,0.786442,7524.585761,577.047491,7.5175,124.453753,21923.181116,8.72797,214.346667,12.898108,33.92875,8.783334,3.499986,2.483497,2.261889,3.508526,6.713405,30.378,2238.1,25.970542,3576.1,1,28.283848,3920.3,9.985022,22713.510267,107.091699,2.532019,587.032063,0.05979433,7.9565e-4,2.70255,0.724885,587.214884,0.0011607,106.923102,0.0010746,250.3,12.932028,9.252173,322.322775
2017-06-24,3.673014,68.104697,118.025,478.81,1.775643,165.9165,16.178,1.32116,1.795249,1.7,1.747247,2,80.579803,1.747308,0.377088,1725,1,1.386143,6.932746,3.34295,1,3.80873304e-4,64.530623,10.215231,1.923752,2.005047,1.32625,1466,0.969321,0.024548,661.2,6.839478,6.8367000000000004,3020.05,566.945059,1,25.5,98.85,23.466,178.77,6.643635,47.160653,108.53,18.1415,15.327593,23.053629,0.893416,2.055151,0.7862,0.7862,2.407099,0.7862,4.425,0.7862,45.875,9067.6,7.3204,207.470729,7.7999,23.392302,6.625025,61.832177,276.625702,13317.365715,3.5406,0.7862,64.48715,1164.1,32470,103.46,0.7862,129.608642,0.710808,111.29663992,103.705508,68.83293,4080.95,439.7,899.91,1134.85,0.303548,0.831262,325.477374,8232.1,1503.662443,152.81171,93.996255,12.890597,1.397581,9.768079,18.307,3114.8,55.01,1358.65,2352.364046,8.014214,359.724314,34.812,15.500232,730.25,18.00365,4.288626,59.505818,12.890597,314.485599,29.706673,8.448087,102.948272,1.3724,0.38497,1,3.256,3.166411,50.1095,104.531247,3.77225,5563.2,3.67499,4.08795,108.545,59.4528,841.721784,3.7506,7.887789,13.2665,6.660279,8.720751,1.387502,0.7862,7524.775286,577.047491,7.5175,124.478647,21915.441775,8.72797,214.346667,12.898108,33.929,8.783334,3.499986,2.483497,2.260468,3.508712,6.713405,30.378,2238.1,25.970542,3576.1,1,28.284037,3920.3,9.985022,22721.933736,107.113108,2.531172,586.911601,0.05979433,7.9565e-4,2.70255,0.724885,587.094422,0.0011607,106.923102,0.0010746,250.3,12.931594,9.252173,322.387247
2017-06-25,3.673014,67.9365,118.08,478.79,1.775558,165.9165,16.1015,1.3207,1.795249,1.7,1.747183,2,80.577,1.747201,0.376355,1723.55,1,1.383039,6.932596,3.342986,1,3.8570872e-4,64.514601,10.214709,1.923661,2.004963,1.325951,1470.906338,0.969159,0.024548,662.155,6.8379,6.833234,3020.68,567.065,1,25.5,98.85,23.459468,178.77,6.640147,47.159403,108.532,18.1335,15.32,23.053129,0.892867,2.055151,0.784607,0.784607,2.40946,0.784607,4.35905,0.784607,45.875,9067.2,7.32,207.5,7.799403,23.391802,6.6251,61.68,276.424,13308.866333,3.540435,0.784607,64.5055,1164.1,32470,103.4,0.784607,129.575,0.710808,111.24075,103.703008,68.837499,4080.75,439.7,900.09,1134.31,0.303196,0.83123,325.467374,8231.75,1502.75,152.80921,93.996255,12.889889,1.397503,9.767501,18.306,3114.65,55.004852,1355.074087,2351.416667,8.01385,359.605,34.7825,15.500232,723.565,18.00525,4.288442,59.505818,12.889889,314.46,29.7055,8.441739,102.94,1.372856,0.38496,1,3.252548,3.1662689999999998,50.087657,104.55,3.770563,5562.95,3.674993,4.087937,108.545,59.4584,842.83,3.750384,7.887789,13.265732,6.65995,8.713113,1.387102,0.784607,7522.5,577.08,7.5175,124.453753,21883.950196,8.7277,214.316667,12.898217,33.94,8.782936,3.499986,2.483497,2.260162,3.506805,6.7131,30.259,2227.835079,25.969542,3575.9,1,28.284037,3920.15,9.985022,22700.333333,107.033333,2.53028,586.239207,0.05982651,7.9528e-4,2.70255,0.724885,586.834021,0.00116148,106.923102,0.00107528,250.3,12.927415,9.2517,322.387247
2017-06-26,3.673014,68.074,118.07545,480.138225,1.779306,165.9165,16.306,1.318566,1.794996,1.7,1.748857,2,80.746812,1.75029,0.377188,1725.950305,1,1.387741,6.947402,3.296303,1,3.98106605e-4,64.481266,10.221364,1.923839,2.009305,1.3257,1470.906338,0.972428,0.024552,660.699278,6.858339,6.839756,3021.066667,568.382726,1,25.5,98.875,23.519421,178.57,6.649381,47.266145,108.63,18.141,15.33,23.112189,0.894218,2.050098,0.785934,0.785934,2.40732,0.785934,4.348334,0.785934,46.05,9086.7,7.335928,207.896724,7.799105,23.420253,6.632093,62.240252,276.576667,13308.60225,3.51875,0.785934,64.4313,1165.009957,32470,104.45,0.785934,129.668642,0.710005,111.86958555,103.695,68.837499,4085.941667,439.756281,899.91,1133.52,0.303668,0.833019,324.720565,8247.95,1506.037443,153.088759,93.500737,12.874975,1.400364,9.768756,18.2835,3089.525758,55.004,1368.81006,2350.75,8.029869,360.417574,34.8015,15.510083,724.999944,17.913012,4.288074,60.004931,12.874975,324.320265,29.919472,8.48533,103.061338,1.373004,0.38516,1,3.251503,3.173073,50.238637,104.825635,3.758565,5553.05,3.79365,4.091995,108.5625,58.9292,844.333547,3.75165,7.90181,13.184653,6.674304,8.719764,1.388557,0.785934,7522.5,578.413398,7.5175,124.478647,21899.343764,8.74685,214.343333,12.879066,33.97,8.808968,3.50998,2.487505,2.265537,3.500981,6.727449,30.328,2237.1,26.046657,3588.65,1,28.365637,3928.6,10.112282,22699.321657,107.784733,2.504109,586.920085,0.06031364,8.0436e-4,2.70255,0.724998,587.158023,0.00115126,106.951982,0.00108942,250.319142,12.871671,9.226593,322.322775
2017-06-27,3.673014,67.637,116.893015,477.305,1.779241,165.9165,16.390878,1.318264,1.794996,1.7,1.736001,2,80.248044,1.723085,0.377189,1724.65061,1,1.386986,6.903903,3.313609,1,3.88374024e-4,64.479916,10.157172,1.927745,2.009207,1.31844,1470.906338,0.960661,0.024628,661.564278,6.811131,6.8129,3028.47,568.120226,1,25.5,97.625,23.22234,178.57,6.558425,46.962478,108.1095,18.143,15.337329,22.966835,0.882069,2.049698,0.780451,0.780451,2.40722,0.780451,4.35703,0.780451,46.05,9029.9,7.332471,207.993232,7.800583,23.265939,6.532748,61.588354,273.545,13310.639967,3.516855,0.780451,64.5348,1161.834957,32470,103.535334,0.780451,129.656523,0.710005,112.20153333,103.705,68.874501,4083.333333,433.980507,900.09,1140.95,0.3037,0.833004,322.042612,8250.566667,1504.524887,152.1702,93.996255,12.851363,1.391902,9.7695,18.19018,3077.651515,54.826,1360.505556,2347.24197,8.031285,358.125,34.767,15.469644,725.016611,17.9779,4.2885,60.159973,12.851363,313.00821,29.756038,8.42062,103.132132,1.376358,0.38528,1,3.253995,3.153222,50.339797,104.185772,3.73775,5518.15,3.7757,4.025293,106.87091,59.3864,840.573568,3.7509,7.90339,13.602846,6.675253,8.61127,1.387,0.780451,7463.137176,575.148319,7.5175,124.453753,21759.050353,8.746105,214.346667,12.794116,33.98,8.808808,3.50998,2.436599,2.267528,3.524713,6.68536,30.393,2237.1,25.901638,3564.2,1,28.345388,3923.076923,10.14895,22714.909857,107.651412,2.505254,580.37509,0.05989639,8.0041e-4,2.70255,0.7229,580.855476,0.00116105,106.232869,0.00108492,250.319142,13.014187,9.234576,322.322775
2017-06-28,3.673097,67.9735,116.109603,479.172298,1.776952,165.9165,16.409,1.309509,1.794996,1.7,1.718976,2,80.643056,1.71748,0.377223,1724.875305,1,1.382094,6.938108,3.281,1,3.86988472e-4,64.495987,10.218,1.935219,2.006599,1.303917,1492.869875,0.959642,0.024642,663.5,6.794932,6.8006,3020.67,566.915059,1,25.5,97.3,23.111044,178.77,6.535969,47.195181,108.075,18.12,15.338666,23.080632,0.878815,2.042099,0.772798,0.772798,2.40596,0.772798,4.412667,0.772798,46.05,9083.4,7.323129,207.646843,7.804215,23.3598,6.5139,61.925033,272.0214,13324.457926,3.503475,0.772798,64.5219,1182.5,32468.5,103.59,0.772798,129.499709,0.710005,112.35625,103.655,68.885848,4084.916667,432.65,900.09,1138.72,0.303331,0.83187,323.35393,8235.95,1504.237443,153.000319,93.996255,12.982117,1.398659,9.668571,18.121054,3082.350758,54.826,1368.13506,2346.590205,8.023793,359.766814,34.6035,15.475482,724.440367,17.83307,4.299135,60.004931,12.982117,350.5,29.884204,8.430737,103.124632,1.369324,0.385354,1,3.251987,3.176581,50.5065,104.623428,3.720945,5550.55,3.73505,3.997204,106.315,59.2517,843.846047,3.7504,7.90181,13.6225,6.665265,8.542243,1.382146,0.772798,7502.880411,578.165064,7.5075,123.946193,21673.54599,8.734485,214.343333,13.01923,33.964,8.79495,3.499972,2.427792,2.252541,3.512746,6.718525,30.431,2237.3,26.036536,3581.85,1,28.353428,3921.188462,10.06725,22727.34751,106.858183,2.499811,577.731648,0.0594389,8.0011e-4,2.70255,0.720685,579.891243,0.00116352,105.270012,0.00108383,250.325,12.941575,9.259146,322.322775
2017-06-29,3.672896,67.8755,116,478.927298,1.774502,165.9165,16.49,1.301184,1.795504,1.6861,1.709636,2,80.543437,1.709615,0.377191,1723.725305,1,1.380005,6.929441,3.3041,1,3.90420258e-4,64.599974,10.189438,1.930796,2.004019,1.298689,1486,0.955545,0.024692,665.2,6.791478,6.787252,3046.15,566.795119,1,25.5,96.775,22.944352,178.77,6.500269,47.129066,107.775,18.122,15.338207,23.001125,0.874153,2.042099,0.768733,0.768733,2.40658,0.768733,4.367033,0.768733,46.06,9057.25,7.315788,207.39997,7.804892,23.375,6.4798,61.833884,270.88,13322.914412,3.490615,0.768733,64.7951,1163.984957,32468,102.28,0.768733,129.333493,0.710607,111.99333539,103.64,69.012689,4082.366667,430.329758,900.09,1147.2,0.303318,0.830861,320.971483,8223.65,1503.287443,153.5,93.5,12.928939,1.396943,9.634571,18.08491,3029.15,54.824,1370.12012,2345.311413,8.017932,359.205099,34.526,15.500347,725.48,18.043276,4.2945,60.003288,12.928939,314.100725,29.826545,8.3788,103.011513,1.368204,0.385199,1,3.251438,3.16445,50.543344,104.526247,3.707628,5546.45,3.7349,3.993788,105.50014,59.455,834.75744,3.7498,7.872287,13.620051,6.656934,8.460045,1.378866,0.768733,7474.242597,577.018737,7.5075,124.095708,21500.757842,8.72383,214.34,12.918039,34.004,8.787648,3.504975,2.415795,2.255482,3.525223,6.710124,30.368,2237.1,26.020032,3576.45,1,28.365637,3934.988462,10.13835,22711.201353,106.765939,2.503096,574.535215,0.06006978,8.0233e-4,2.70255,0.719101,576.116257,0.00117473,104.694038,0.00108343,250.306642,12.99917,9.147993,322.387247
2017-06-30,3.673014,67.8625,115.982238,479.227298,1.7766,165.9165,16.6235,1.300399,1.795504,1.68605,1.711949,2,80.445452,1.71187,0.377085,1725.05,1,1.376642,6.936763,3.3077,1,3.99119144e-4,64.582876,10.221066,1.9373,2.006204,1.29625,1486,0.95846,0.024652,664.2,6.778972,6.77725,3044.03,566.855059,1,25.5,96.725,22.8646,178.77,6.5046,47.190431,107.750311,18.1215,15.350732,23.185287,0.87512,2.042099,0.767607,0.767607,2.4054,0.767607,4.371599,0.767607,46.06,9066.65,7.322482,207.626843,7.80753,23.305322,6.486529,62.051435,270.529,13327.339453,3.48843,0.767607,64.613,1165.75,32468,101.87,0.767607,129.303493,0.708901,112.405,103.652719,69.11744,4090,431.475,899.91,1145.2,0.303309,0.831801,321.261483,8236.8,1505.1,153.202538,93.5,13.039786,1.398366,9.635846,18.065636,3019.25,53.955,1363.4,2345.286864,8.023779,359.726814,34.467333000000004,15.500347,725.055,18.126175,4.293505,59.505818,13.039786,313.991088,29.838906,8.346605,103.20536,1.363271,0.385088,1,3.241125,3.16818,50.444333,104.628428,3.703567,5569.4,3.7337,3.993295,105.487675,58.9022,843.71,3.7503,7.872287,13.533862,6.664008,8.428859,1.3766,0.767607,7440.372748,577.44,7.4975,124.111988,21483.066373,8.73376,214.34,13.046047,33.92225,8.798286,3.499986,2.466005,2.244485,3.521003,6.717164,30.433,2239.2,26.030646,3588.1,1,28.31064,3949.45,10.12455,22715.918736,106.792716,2.525396,574.885424,0.06015945,8.0541e-4,2.70255,0.718707,576.458979,0.00118556,104.876591,0.00107876,250.325,13.095065,9.107665,322.322775
2017-07-01,3.673014,67.8625,115.982238,479.227298,1.7766,165.9165,16.6235,1.300559,1.795504,1.68605,1.711949,2,80.445452,1.71187,0.377085,1725.05,1,1.376642,6.936763,3.3077,1,4.05862061e-4,64.619866,10.221066,1.9373,2.006204,1.29658,1486,0.95846,0.024652,663.9,6.78064,6.77755,3044.03,566.855059,1,25.5,96.725,22.8636,178.77,6.5062,47.190431,107.750311,18.117,15.337516,23.185287,0.875305,2.042099,0.767595,0.767595,2.393502,0.767595,4.371599,0.767595,46.06,9066.65,7.322482,207.626843,7.8075,23.305322,6.486529,62.051435,270.4,13332.663629,3.48843,0.767595,64.6122,1165.75,32468,101.82,0.767595,129.303493,0.708901,112.405,103.652719,69.197605,4090,431.475,899.91,1145.6,0.303309,0.831801,321.261483,8236.8,1505.1,153.202538,93.5,13.039786,1.398366,9.635846,18.065636,3019.25,53.955,1363.4,2344.41834,8.023779,359.726814,34.467333000000004,15.500347,725.055,18.12575,4.293505,59.505818,13.039786,313.991088,29.838906,8.346605,103.20536,1.363736,0.385088,1,3.241125,3.16818,50.396,104.628428,3.70355,5569.4,3.7337,3.993298,105.487675,58.905,843.71,3.7503,7.872287,13.533862,6.664008,8.4235,1.3765,0.767595,7462.500165,577.44,7.4975,124.111988,21452.670428,8.73376,214.353333,13.046047,33.9135,8.798286,3.499986,2.466005,2.244453,3.520006,6.717164,30.417,2239.2,26.030646,3588.1,1,28.31064,3949.45,10.12455,22709.07319,106.746754,2.5254,574.771031,0.06015945,8.0541e-4,2.70255,0.718707,576.344606,0.00118556,104.876591,0.00107876,250.325,13.097495,9.107665,322.387247
2017-07-02,3.673038,67.8625,115.982238,479.227298,1.7766,165.649168,16.462,1.300921,1.795504,1.68605,1.711949,2,80.445452,1.71187,0.377085,1725.05,1,1.376642,6.936763,3.297995,1,3.94012321e-4,64.592768,10.221066,1.9373,2.006204,1.297522,1486,0.958845,0.024648,663.9,6.777364,6.778325,3044.79,566.855059,1,25.5,96.725,22.852625,178.77,6.510408,47.190431,107.750311,18.125,15.34,23.185287,0.875394,2.042099,0.768304,0.768304,2.40479,0.768304,4.371599,0.768304,46.06,9066.65,7.322482,207.626843,7.80675,23.305322,6.486529,62.051435,270.34,13324.580458,3.489085,0.768304,64.618581,1165.75,32468,101.86,0.768304,129.303493,0.708901,112.23972561,103.652719,69.22065,4090,431.475,900.09,1145.81,0.303309,0.831801,321.261483,8236.8,1505.1,153.202538,93.5,13.039786,1.398366,9.635846,18.065636,3019.25,53.955,1363.4,2344.416667,8.023779,359.726814,34.467333000000004,15.500347,725.055,18.094286,4.2935,59.505818,13.039786,313.991088,29.838906,8.3422,103.20536,1.363605,0.385088,1,3.241125,3.16818,50.396,104.628428,3.70365,5569.4,3.7337,3.996405,105.487675,58.9156,843.71,3.75,7.872287,13.533862,6.664008,8.425356,1.376486,0.768304,7462.5,577.44,7.4975,124.136812,21446.5,8.73376,214.35,13.046047,33.93125,8.798286,3.499986,2.466005,2.2427,3.519894,6.717164,30.432,2239.2,26.030646,3588.1,1,28.31064,3949.45,10.12455,22706,106.920087,2.519733,574.594349,0.06012868,8.0534e-4,2.70255,0.718707,576.131522,0.00118068,104.876591,0.00107701,250.325,13.063488,9.107665,322.387247
2017-07-03,3.672896,68.168,116.655635,481.027417,1.780164,165.9175,16.851,1.304478,1.795752,1.68605,1.719488,2,80.900598,1.720153,0.377255,1727.600305,1,1.382849,6.958279,3.302,1,3.86560258e-4,64.690668,10.239469,1.941284,2.010173,1.299366,1492.869875,0.96326,0.024542,662.5,6.7958,6.800113,3046.386667,568.475452,1,25.5,97.3,22.973164,178.57,6.538331,47.336133,107.933207,17.95,15.34,23.257964,0.879313,2.042099,0.772306,0.772306,2.39878,0.772306,4.362668,0.772306,46.025,9109.8,7.33705,208.26,7.810671,23.348094,6.528327,62.091951,271.701667,13343.529295,3.502665,0.772306,64.8527,1165.909957,32483,102.36,0.772306,129.755,0.710005,113.39507796,103.652719,69.29015,4089.616667,433.6,900.09,1150.59,0.303322,0.83338,322.226036,8249.566667,1506.412443,153.650555,93.500553,13.191254,1.390687,9.666701,18.146529,3077.651515,54.0645,1369.63506,2345.333333,8.043064,360.597574,34.5145,15.510303,726.285,18.1855,4.298,60.004931,13.063,315.485669,29.884454,8.352315,103.808652,1.372024,0.385346,1,3.251763,3.178064,50.558,104.960662,3.73705,5585.05,3.641,4.0213,105.87,59.2699,846.940575,3.7503,7.872287,13.53604,6.677173,8.484238,1.38195,0.772306,7462.5,578.706731,7.4975,123.41485,21505,8.750522,214.353333,13.18821,33.995,8.815569,3.509961,2.439396,2.246889,3.555578,6.737953,30.534681,2237.3,26.009239,3620.908069,1,28.425988,3963.2,10.09395,22718.333333,107.220585,2.495741,576.826746,0.06179897,8.1742e-4,2.70255,0.720059,578.139568,0.0011792,105.164666,0.00110322,250.325,13.209192,9.15,322.322775
2017-07-04,3.673014,68.102,116.796289,480.769917,1.780555,165.9175,16.891,1.313768,1.795752,1.68605,1.723587,2,80.864593,1.72264,0.377287,1727.100305,1,1.382502,6.967487,3.3107,1,3.80608195e-4,64.740862,10.341704,1.939684,2.010661,1.293343,1492.869875,0.96425,0.024628,664.079581,6.804804,6.799632,3046.79,566.3,1,25.5,97.3,23.006512,178.57,6.546924,47.216324,108.04,17.845,15.33,23.238479,0.880313,2.047553,0.773054,0.773054,2.3966,0.773054,4.38903,0.773054,46.025,9102.6,7.339029,208.078232,7.80848,23.504523,6.5231,62.046185,271.216667,13364.875729,3.517,0.773054,64.7789,1165.384957,32500.244019,102.91,0.773054,129.457209,0.710005,112.96922987,103.7,69.436402,4085.866667,433.6,899.91,1150.25,0.303253,0.833571,322.95893,8256.3,1505.787443,153.638055,93.500553,13.251559,1.392994,9.676485,18.099633,2997.144875,54.0645,1370.31006,2350.448801,8.043433,360.457574,34.4975,15.510303,724.850367,18.208408,4.2975,60.485,13.20625,314.941772,29.865777,8.342845,103.550708,1.371714,0.385259,1,3.255462,3.175306,50.54,104.850635,3.729866,5556.85,3.642,4.036407,106.36,59.3935,826.331066,3.7502,7.870713,13.754922,6.67899,8.513862,1.381825,0.773054,7464.912934,578.211731,7.4975,123.717871,21529.392067,8.752539,214.343333,13.253763,34.012,8.785672,3.509961,2.473698,2.240985,3.558591,6.737049,30.526,2238.1,26.044177,3622.933069,1,28.40176,3958.35,10.093933,22731.912411,107.15,2.49887,577.741757,0.06186406,8.1514e-4,2.70255,0.720059,578.920857,0.001171,105.164666,0.00109112,250.325,13.197777,9.148118,322.322775
2017-07-05,3.673097,68.153,116.648135,479.04,1.77943,165.9175,17.141,1.315894,1.794996,1.7,1.723303,2,80.678692,1.72341,0.377194,1724.700305,1,1.382244,6.933,3.2885,1,3.80474433e-4,64.791348,10.364041,1.962072,2.009267,1.296228,1525,0.964419,0.024732,666.1,6.797115,6.801175,3084,566.225,1,25.5,97.65,22.996752999999998,178.57,6.55476,47.187681,108.09,17.8805,15.330502,23.182719,0.881317,2.047553,0.773338,0.773338,2.39714,0.773338,4.386724,0.773338,46.05,9077.6,7.329764,205.71,7.806983,23.438956,6.5311,62.005444,272.256667,13366.662399,3.51106,0.773338,64.8014,1182.5,32527.352023,104.101573,0.773338,129.107494,0.710005,113.2006,103.695,69.535643,4082.866667,434.14576,899.91,1153.86,0.303244,0.832989,323.967698,8235.3,1503.637443,153.400116,93.500553,13.388076,1.389249,9.6819,18.11931,2988.144875,54.321757,1367.33506,2365.987579,8.038184,359.302599,34.498,15.500232,723.435,18.327347,4.2975,59.672484,13.342833,314.060725,29.980994,8.398599,103.381197,1.373362,0.385229,1,3.260525,3.166464,50.586,104.737633,3.728866,5540.95,3.6406,4.043598,106.12,60.2135,843.668547,3.75,7.859886,13.425264,6.674326,8.494206,1.381255,0.773338,7467.5,575.457213,7.4975,124.346633,21581.141166,8.746794,214.343333,13.264038,34.02,8.77333,3.50998,2.442196,2.2413,3.608803,6.713419,30.5,2238.1,26.031896,3591.25,1,28.333,3946.95,10.135255,22738.817479,106.940042,2.496868,578.249242,0.06214949,8.1517e-4,2.70255,0.721747,579.743115,0.00118543,105.651924,0.0010971,250.319142,13.39134,9.052142,322.322775
2017-07-06,3.672896,68.327273,115.95,479.292298,1.779406,165.9175,17.0865,1.31937,1.795504,1.6861,1.71868,2,81.00225,1.71482,0.377206,1707.00092,1,1.38283,6.925608,3.298908,1,3.81622219e-4,64.805263,10.3915,1.970782,2.014999,1.29792,1520.749713,0.96036,0.024702000000000002,665.5,6.797767,6.800554,3096,568.475452,1,25.5,96.8,22.89215,178.67,6.51084,47.180561,108.07,17.872,15.332337,23.290564,0.875523,2.049196,0.771112,0.771112,2.39726,0.771112,4.382767,0.771112,46.05,9036.35,7.33,208.061463,7.810076,23.455,6.4815,62.1745,269.852182,13382.283915,3.5266,0.771112,64.7233,1182.5,32542.020053,104,0.771112,129.455,0.710005,113.15553256,103.74,69.601486,4088.444444,431.583729,899.91,1157.42,0.303258,0.833058,324.266931,8250,1509,153.435231,93.995007,13.4465,1.395763,9.642448,18.13903,2916.172438,54.011,1369.58506,2380.135789,8.041742,359.828628,34.4445,15.50031,724.795489,18.277883,4.298,59.508727,13.446715,331.995544,30.064057,8.355007,103.558208,1.37295,0.385029,1,3.256004,3.173142,50.672,106.081736,3.711434,5546.95,3.641,4.019701,105.391398,60.135,845.22,3.75015,7.853785,13.538353,6.675698,8.440154,1.382571,0.771112,7468.487361,577.31,7.4975,124.529146,21513.85271,8.74645,214.343333,13.435,34.06,8.806897,3.499986,2.437494,2.245595,3.622477,6.757528,30.593,2237.1,26.071517,3611.655379,1,28.914464,3962.260769,10.10755,22729.995398,106.757173,2.501031,575.999849,0.06312735,8.1747e-4,2.70255,0.720427,577.176105,0.00119654,104.932834,0.00109831,250.306642,13.424415,9.122589,322.387247
2017-07-07,3.673014,68.33,116.15,479.54,1.780159,165.9175,16.964484,1.315005,1.794996,1.6861,1.71615,2,81.205573,1.71553,0.377108,1726,1,1.382591,6.910011,3.28105,1,3.96887403e-4,64.714475,10.37964,1.977187,2.015811,1.28745,1525,0.96395,0.024758,667.1,6.80375,6.80485,3089.83,574.71,1,25.5,96.95,22.884281,178.67,6.522094,47.505,108.114,17.872,15.452531,23.35,0.87696,2.049196,0.77605,0.77605,2.3944,0.77605,4.39,0.77605,46.05,9e3,7.334002,208.050732,7.812072,23.469413,6.5027,62.216044,270.187,13393.365697,3.5398,0.77605,64.6217,1182,32548.854702,104.29,0.77605,129.147494,0.710607,113.900375,103.882917,69.611941,4090.5,431.65,900.09,1153.665,0.303115,0.833328,324.392698,8250,1508.5,153.671111,93.500553,13.395,1.4,9.6587,18.148906,2980,54.008,1357.1,2384.555406,8.046218,362,34.4765,15.510041,725.575,18.083192,4.29895,60,13.395,349.5,30.01,8.365765,103.338699,1.3731,0.38508,1,3.2525,3.2875,50.568903,105.85,3.71275,5556.45,3.64095,4.012693,105.362097,60.385,825,3.7497,7.855214,13.540142,6.68,8.43085,1.382199,0.77605,7467.228885,587,7.4875,124.863185,21324.004265,8.750503,214.323333,13.405,34.1145,8.815784,3.50998,2.427604,2.245932,3.618468,6.7576,30.603459,2238.2,26.045,3618.933069,1,28.981523,3987.5,10.13655,22723.82275,107.091825,2.502779,576.060557,0.06406174,8.2436e-4,2.70255,0.720031,576.798566,0.00118876,105.09897,0.00110006,250.3,13.39159,9.105,322.322775
2017-07-08,3.673018,68.33,116.104603,479.86399,1.780159,165.629832,16.964,1.315097,1.794996,1.6861,1.715407,2,81.271579,1.715397,0.377108,1726,1,1.382591,6.981255,3.281426,1,3.8762507e-4,64.685798,10.388133,1.978779,2.017449,1.28745,1525,0.963155,0.024762,667.1,6.80375,6.80535,3089.83,575.18,1,25.5,96.95,22.8838,178.67,6.52265,47.215074,108.095,17.872,15.472851,23.260541,0.87727,2.049196,0.776225,0.776225,2.407306,0.776225,4.386455,0.776225,46.05,9e3,7.339939,208.235135,7.812325,23.502589,6.5027,62.216044,270.3925,13401.117144,3.5398,0.776225,64.622075,1168.05,32555.038245,104.29,0.776225,129.283493,0.710607,113.912,103.882917,69.617376,4097.2,431.65,899.91,1155,0.303115,0.834013,325.052374,8250,1510.4,153.787344,93.500553,13.409823,1.3944,9.655371,18.175874,2977.65,54.01,1358.2,2386.166667,8.05249,362,34.48,15.510041,725.575,18.085525,4.29895,60,13.409823,315.03,30.103366,8.369895,103.432148,1.37315,0.3851,1,3.249,3.17713,50.568903,105.988474,3.71345,5560.95,3.64095,4.012741,105.34,60.385,841.75,3.75005,7.855214,13.540142,6.682598,8.4299,1.382565,0.776225,7461.8004,577.995,7.4875,124.838215,21473.162168,8.757504,214.323333,13.472064,34.1085,8.822834,3.50998,2.427604,2.24945,3.616505,6.763601,30.603459,2238.2,26.073924,3603.2,1,28.940731,3990.1,10.13655,22714.536653,107.121268,2.5046,575.6531,0.06406174,8.2436e-4,2.70255,0.720031,576.391089,0.00118876,105.09897,0.00110006,250.3,13.39217,9.082981,322.387247
2017-07-09,3.67302,68.341419,116.113682,479.86399,1.781623,165.649832,17.099,1.31498,1.794996,1.6861,1.715407,2,81.271579,1.715347,0.377505,1727.300244,1,1.382197,6.981255,3.238087,1,3.96087244e-4,64.660333,10.388133,1.978779,2.017449,1.288162,1520.249713,0.963568,0.024758,666.8475,6.80132,6.803483,3077.651515,575.098262,1,25.5,96.95,22.883476,178.97,6.521489,47.273059,108.113882,17.869,15.455,23.278433,0.87677,2.049196,0.7758,0.7758,2.407406,0.7758,4.387164,0.7758,46.05,9075.4,7.339939,208.235135,7.811721,23.496072,6.503083,62.260667,270.09,13405.16462,3.537175,0.7758,64.621031,1168.987965,32560,104.27,0.7758,129.283493,0.710607,113.9705,103.903452,69.617352,4090.313333,431.808729,899.91,1154.82,0.303314,0.834013,325.052374,8262.566667,1507.669955,153.787344,93.500553,13.406858,1.395512,9.653436,18.17048,2981.3559,54.009353,1354.899087,2386.166667,8.05249,360.842059,34.479336000000004,15.455041,726.713672,18.0861,4.299,60.526666,13.406858,328.798063,30.084693,8.357695,103.432148,1.373976,0.385177,1,3.254798,3.199204,50.628,105.960779,3.71715,5560.95,3.640989,4.017069,105.426603,60.3829,837.929427,3.751358,7.855214,13.154924,6.682078,8.424324,1.382159,0.7758,7460,581.794039,7.4875,124.863185,21489.811463,8.757504,214.35,13.458651,34.112333,8.822834,3.50998,2.436083,2.249217,3.620698,6.763601,30.603,2231.635079,26.073924,3620.383069,1,28.948889,3989.233333,9.985022,22736.816636,106.300001,2.525757,575.920546,0.06408819,8.243e-4,2.70255,0.720031,576.642533,0.00118695,105.09897,0.00109893,250.306642,13.391478,9.082981,322.387247
2017-07-10,3.673097,68.2605,116.17457,479.725,1.778968,165.9175,16.989,1.31464,1.795504,1.6861,1.716088,2,81.428939,1.716215,0.37722,1726.550305,1,1.38509,6.945968,3.2554,1,4.20198964e-4,64.606601,10.356794,1.975344,2.008849,1.289506,1515.499426,0.96609,0.024742,666.5,6.805499,6.802951,3063.03,567.105059,1,25.5,96.7,22.8955,178.67,6.52492,47.276316,108.1705,17.8805,15.436956,23.227331,0.877462,2.048397,0.776337,0.776337,2.3921,0.776337,4.389716,0.776337,46.075,9099.75,7.325187,207.905,7.812552,23.466211,6.493802,62.42265,270.382333,13403.211065,3.54927,0.776337,64.4727,1165.384957,32565.5,105.38,0.776337,129.290993,0.710005,114.0625,103.723008,69.609848,4086.841667,432,900.09,1149.54,0.303198,0.832885,326.492991,8251.85,1506.412443,153.615555,93.996255,13.354087,1.391088,9.6562,18.15,2990.744875,54.0455,1354.899087,2386.166667,8.043493,359.974314,34.461,15.510041,725.72,17.939315,4.2975,59.508727,13.354337,315.008439,30.039457,8.333335,103.20286,1.378806,0.385035,1,3.254998,3.172591,50.8495,105.232992,3.719175,5539.6,3.684944,4.010106,105.46,60.295,844.518547,3.7502,7.870713,13.555145,6.67288,8.427162,1.384973,0.776337,7460,578.391731,7.4875,124.838215,21494.299805,8.745042,214.346667,13.358637,34.132,8.80476,3.509961,2.439505,2.251054,3.608257,6.726134,30.586,2237.2,25.984721,3617.758069,1,28.90207,3984.4,9.995002,22739.433333,106.85357,2.504306,576.14835,0.06376128,8.2392e-4,2.70255,0.720812,577.003347,0.00118562,104.888745,0.00110866,250.25,13.460843,9.019818,322.387247
2017-07-11,3.673097,68.343295,115.9367,479.122298,1.779852,165.9175,16.998,1.309329,1.795504,1.6861,1.715334,2,80.938833,1.70601,0.377267,1724.65061,1,1.384596,6.908127,3.25469,1,4.27069583e-4,64.546459,10.365299,1.979917,2.009844,1.291108,1515.499426,0.963255,0.024762,666.6,6.796711,6.80105,3075.79,564.800217,1,25.5,96.45,22.774849,178.87,6.480659,47.014916,109.245,17.8977,15.340335,23.303283,0.871529,2.062354,0.777677,0.777677,2.39298,0.777677,4.399811,0.777677,46.03,9050.4,7.325983,207.696843,7.8124,23.45281,6.4565,62.088201,268.18,13392.783876,3.564075,0.777677,64.5356,1171.747965,32572.5,107.9,0.777677,127.977965,0.708901,113.7482,103.745,69.601783,4075.616667,431.042491,899.91,1148.99,0.30324,0.833229,326.282991,8209.4,1501.787443,152.72846,93.996255,13.477926,1.395897,9.635625,18.109466,2967.219875,53.938,1352.949087,2386.166667,8.046343,360.640074,34.4325,15.510041,724.893277,17.91094,4.2975,60.648666,13.4885,313.456567,30.022541,8.2741,103.313699,1.384788,0.385258,1,3.254513,3.220476,50.744,105.252149,3.693525,5514.2,3.699986,3.984483,104.81,60.795,834.75494,3.75035,7.839816,13.3675,6.67815,8.3964,1.38126,0.777677,7461.264509,575.148319,7.4875,125.652964,21428.066478,8.749288,214.34,13.475856,34.0505,8.814382,3.499986,2.431109,2.250037,3.616735,6.68953,30.585,2237.9,25.958456,3621.183069,1,28.943909,3989.85,10.12845,22728.720314,106.139081,2.504109,573.587672,0.06302925,8.2113e-4,2.70255,0.720627,574.446562,0.00117099,104.418906,0.00110786,250.256642,13.546037,8.970976,322.387247
2017-07-12,3.673014,68.3525,116.119206,480.632417,1.786387,165.9175,16.959,1.302251,1.795504,1.6861,1.71365,2,81.821164,1.7131,0.377214,1725,1,1.378146,6.974354,3.208283,1,4.13193466e-4,64.549877,10.388383,1.983404,2.01709,1.274945,1538.825758,0.965071,0.024608,663,6.7856,6.7876,3047,569.888642,1,25.5,96.8,22.8578,178.97,6.513355,47.471121,109.415643,17.945,15.329401,23.339128,0.875765,2.055952,0.775624,0.775624,2.3932,0.775624,4.4,0.775624,46.07,9e3,7.346338,208.252635,7.81015,23.458882,6.4879,62.339735,268.8895,13371.503617,3.542105,0.775624,64.375,1169.950739,32580.46216,105.79,0.775624,128.438141,0.7087,113.3285,103.723008,69.582739,4083.333333,431.4,899.91,1138.11,0.30301,0.836234,328.885,8255,1504.524887,154.167527,93.500553,13.43659,1.394094,9.6315,18.155361,2977.319875,53.988487,1370.46006,2386.166667,8.074741,362,34.4195,15.510041,724.25,17.770205,4.292492,61,13.43659,315.975481,30.078782,8.28037,103.649379,1.378217,0.385277,1,3.2515,3.185444,50.4635,105.559269,3.70515,5544.4,3.699986,3.996185,105.13,59.935,840.573568,3.7503,7.878488,13.663708,6.700214,8.410079,1.377375,0.775624,7511.679481,581.429013,7.4875,125.675466,21471.455683,8.780174,214.35,13.441669,33.95325,8.846159,3.499986,2.431298,2.260927,3.56749,6.753793,30.481,2238.2,26.004857,3626.633069,1,29.048645,4002.5,10.14665,22718.366064,106.653037,2.528112,575.098788,0.06284378,8.2018e-4,2.70255,0.71913,575.994934,0.00115443,104.771306,0.00108827,250.3,13.257339,8.94638,322.387247
2017-07-13,3.673014,68.301,116.11,478.52,1.77806,165.9175,16.942,1.291927,1.795249,1.686,1.715563,2,81.12637,1.71635,0.377191,1728.05,1,1.377003,6.968006,3.2116,1,4.2283164e-4,64.478061,10.277789,1.96684,2.013532,1.272779,1538.825758,0.966895,0.024548,662.2,6.782675,6.78262,3044.64,574.36,1,25.5,96.85,22.89165,178.97,6.52103,46.993117,109.47,17.963,15.33331,23.2385,0.876851,2.045456,0.77238,0.77238,2.39334,0.77238,4.400648,0.77238,46.025,9057.15,7.310198,207.27,7.808683,23.427464,6.4927,62.043,268.79,13348.033878,3.54019,0.77238,64.4366,1165.85,32596.933718,105.23,0.77238,127.79,0.710105,113.42492308,103.763024,69.574218,4087.1,431.833729,899.91,1137.64,0.303322,0.83242,327.282082,8252.8,1505.612443,153.48,93.5,13.160311,1.386995,9.654605,18.068572,2978.25,53.9535,1374.7,2386.166667,8.035857,362.538894,34.3955,15.510041,724.675734,17.70363,4.2925,60.882857,13.315167,314.473932,30.041707,8.2544,102.97,1.36571,0.384984,1,3.25045,3.178812,50.5715,105.130178,3.703985,5527.45,3.674985,4.001513,105.49,59.7834,825.335,3.7503,7.856786,13.460141,6.65943,8.353814,1.37359,0.77238,7509.056503,577.87,7.4875,125.80998,21442.666839,8.741479,214.34,13.36856,33.94,8.80136,3.499972,2.482889,2.261278,3.566903,6.728039,30.376,2238.1,25.984,3601.4,1,28.723673,4010.1,10.108123,22699.534967,106.475072,2.501964,575.321473,0.06370857,8.2118e-4,2.70255,0.719778,576.248433,0.00116826,104.771306,0.00110424,250.306642,13.215983,8.865433,322.387247
2017-07-14,3.673018,68.058,115.375,476.665,1.77138,165.9175,16.85943,1.277302,1.794996,1.6861,1.70521,2,80.948083,1.7052,0.377081,1726,1,1.372042,6.941107,3.1803,1,4.49024232e-4,64.442229,10.283299,1.960645,2.00591,1.26465,1546,0.963365,0.024422,657.5,6.767754,6.77795,3019,571.876135,1,25.5,96.525,22.73165,178.97,6.48425,47.356094,109.237,17.9665,15.332438,23.147752,0.871992,2.052154,0.763625,0.763625,2.3984,0.763625,4.405,0.763625,46,9e3,7.307462,206.756761,7.80354,23.337144,6.460971,61.947106,266.766,13323.167597,3.555245,0.763625,64.282,1162.35,32602,103.6,0.763625,127.333036,0.709804,112.54927594,104.005,69.518392,4071.1,429.5,900.09,1129.07,0.302996,0.829317,326.165491,8227.25,1500.65,152.74096,93.500553,13.108178,1.382252,9.604143,18.0535,2944.6,53.78,1363.35,2386.166667,8.003795,361.179247,34.35,15.510041,725.095,17.563175,4.2925,60.497777,13.108178,313.899059,29.909614,8.1779,103.127132,1.361285,0.385005,1,3.243,3.166522,50.63,104.718224,3.6668,5527.45,3.690005,3.978598,104.79,59.055,834.51494,3.7503,7.849115,13.783966,6.64417,8.307052,1.37095,0.763625,7503.731999,575.330546,7.478,125.1516,21422.353938,8.707418,214.34,13.311582,33.751,8.780635,3.50998,2.468488,2.271067,3.53758,6.71019,30.382,2236.3,25.882527,3600.05,1,28.773276,3994.9,10.144458,22732.644507,107.75222,2.528963,573.881284,0.06242219,8.1373e-4,2.70255,0.71918,574.993571,0.00116291,104.392977,0.00108541,250.306642,13.02959,8.831799,322.387247
2017-07-15,3.673018,68.058,115.375,476.665,1.77138,165.9175,16.85943,1.277302,1.794996,1.6861,1.70521,2,80.948083,1.7052,0.377081,1726,1,1.372042,6.941107,3.1803,1,5.00993847e-4,64.416034,10.283299,1.960645,2.00591,1.26465,1546,0.963365,0.024418,657.5,6.767754,6.77795,3019,571.876135,1,25.5,96.525,22.73165,178.97,6.48425,47.356094,109.237,17.9665,15.331998,23.147752,0.871992,2.052154,0.763625,0.763625,2.3984,0.763625,4.405,0.763625,46,9e3,7.307462,206.756761,7.80354,23.337144,6.460971,61.947106,266.766,13313.438395,3.555245,0.763625,64.282,1162.35,32604.309805,103.6,0.763625,127.333036,0.709804,112.54927594,104.005,69.491229,4071.1,429.5,900.09,1129.07,0.302996,0.829317,326.165491,8227.25,1500.65,152.74096,93.500553,13.108178,1.382252,9.604143,18.0535,2944.6,53.78,1363.35,2386.166667,8.003795,361.179247,34.35,15.510041,725.095,17.563175,4.2925,60.497777,13.108178,313.899059,29.909614,8.1779,103.127132,1.361285,0.385005,1,3.243,3.166522,50.63,104.718224,3.6668,5527.45,3.690005,3.978598,104.79,59.055,834.51494,3.7503,7.849115,13.783966,6.64417,8.307052,1.37095,0.763625,7502.435812,575.330546,7.478,125.518451,21405.933451,8.707418,214.34,13.311582,33.751,8.780635,3.50998,2.468488,2.273357,3.53758,6.71019,30.382,2236.3,25.882527,3600.05,1,28.773276,3994.9,10.144458,22713.944513,107.62707,2.531079,573.661613,0.06242219,8.1373e-4,2.70255,0.71918,574.773901,0.00116291,104.392977,0.00108541,250.306642,13.02959,8.831799,322.322775
2017-07-16,3.67298,68.264032,115.365,476.481507,1.771387,165.9175,16.855,1.278109,1.795,1.6861,1.70521,2,80.936665,1.705197,0.37716,1690.976149,1,1.368392,6.941107,3.180807,1,5.16174642e-4,64.393166,10.2325,1.95095,2.005913,1.264235,1546,0.963445,0.024422,658.836598,6.764778,6.7417,3038.3,571.72727,1,25.5,96.525,22.7282,178.97,6.481135,47.358688,109.237,17.9585,15.33,23.147752,0.871519,2.052154,0.762788,0.762788,2.40029,0.762788,4.3687,0.762788,46,9e3,7.27495,206.756761,7.80443,23.401,6.460971,61.9435,266.74,13315.834285,3.552793,0.762788,64.306917,1162.35,32609,103.58,0.762788,127.34,0.709804,112.413,104.005,69.468651,4077.216667,429.375,900.09,1128.35,0.302996,0.82932,326.165491,8227.25,1500.65,152.731919,93.500553,13.108,1.382253,9.588437,18.142765,2985.73975,53.780732,1363.35,2386.166667,8.003795,361.179247,34.35037,15.510041,721.485,17.581,4.292492,60.496665,13.0665,313.991088,30.045,8.1824,102.63315,1.359314,0.385355,1,3.238625,3.166494,50.620099,104.848816,3.66548,5527.45,3.690009,3.987184,104.821918,59.0965,835.465,3.75015,7.849115,13.783933,6.65778,8.308063,1.370413,0.762788,7512.5,575.695,7.478,125.493349,21360.549805,8.707418,214.323333,13.035,33.7395,8.780635,3.509961,2.4685,2.2615,3.534584,6.710131,30.355313,2224.210079,25.882554,3582.5,1,28.585221,3994.9,9.985045,22685.766667,106.620001,2.528867,572.67302,0.06230551,8.1235e-4,2.70255,0.71918,574.097309,0.00116759,104.392977,0.00108345,250.3,13.03548,8.831799,322.387247
2017-07-17,3.672896,68.285,115.384774,478.529798,1.777363,165.9185,16.917,1.283805,1.7955,1.6861,1.704115,2,80.817656,1.70295,0.37712,1726.425305,1,1.369508,6.964582,3.1827,1,4.46640167e-4,64.359666,10.204724,1.952342,2.012741,1.26966,1538.825758,0.963309,0.024532,660.073196,6.766808,6.769727,3031,570.283642,1,25.5,96.4,22.724471,178.97,6.481531,47.421542,109.176129,17.9395,15.325,23.366013,0.871593,2.027603,0.766193,0.766193,2.39944,0.766193,4.370964,0.766193,46,8986.65,7.276131,207.609343,7.803355,23.418796,6.4595,62.473629,267.356833,13307.442921,3.577183,0.766193,64.34,1164.834957,32623.5,103.59,0.766193,127.799683,0.708801,112.60288889,103.756512,69.444149,4083.944444,429,900.09,1128.53,0.302739,0.832102,325.314874,8285,1505.187443,153.467616,93.996255,12.94304,1.384138,9.617689,18.08981,2916.154832,53.6885,1368.03506,2390.666667,8.025885,361.859736,34.3215,15.450233,724.883277,17.58159,4.2878,60.892857,12.94279,305.836139,29.976931,8.160665,102.813102,1.374041,0.385139,1,3.252074,3.169699,50.6885,105.130178,3.662485,5550.8,3.684999,3.976393,104.86,59.325,844.193547,3.7502,7.883112,13.768929,6.666851,8.298175,1.370614,0.766193,7512.5,578.216731,7.478,125.142113,21356.799805,8.737732,214.333333,12.947165,33.63,8.767118,3.499986,2.446212,2.249628,3.530088,6.739233,30.410504,2237.2,25.912585,3594.7,1,28.625263,4008.6,9.995002,22685.6,105.58707,2.490323,571.727279,0.06210024,8.1097e-4,2.70255,0.717275,571.727279,0.00115409,104.008666,0.0010833,250.306642,12.957193,8.836858,322.322775
2017-07-18,3.672896,68.4455,114.586027,478.929798,1.780349,165.9185,17.0875,1.26292,1.79525,1.6861,1.692534,2,80.662942,1.693115,0.377214,1728.000305,1,1.3660079999999999,6.976345,3.1542,1,4.30049484e-4,64.374405,10.17033,1.946285,2.016091,1.263317,1538.825758,0.955166,0.024348,655.3,6.7468,6.74645,3013.18,573.295769,1,25.5,95.6,22.622007,178.97,6.439685,47.471121,108.8765,17.952,15.334533,23.274034,0.865974,2.022703,0.767103,0.767103,2.40166,0.767103,4.390868,0.767103,46.025,8971.7,7.290358,207.616843,7.80535,23.446353,6.419711,62.10107,264.90025,13309.102263,3.567645,0.767103,64.3163,1165.834957,32629,105.82,0.767103,127.794683,0.710507,111.99470996,103.745,69.34515,4083.333333,425.95,899.91,1125.28,0.302661,0.83351,325.459874,8279.566667,1504.524887,153.772344,93.996255,12.96031,1.383035,9.577877,18.114,2973.169875,53.2685,1359.8,2400.058601,8.041367,363.074137,34.1025,15.450233,725.64,17.494742,4.2865,60.992141,12.96031,314.980159,30.010112,8.0879740000000009,102.949244,1.360313,0.385695,1,3.247771,3.174877,50.774311,105.278948,3.63623,5546.6,3.679989,3.949171,104.45,59.115,847.701149,3.75025,7.886211,13.258601,6.678163,8.306123,1.366565,0.767103,7517.145644,578.535064,7.478,124.64615,21287.671398,8.751081,214.346667,12.953089,33.5855,8.778235,3.514975,2.428307,2.233754,3.525406,6.750495,30.364421,2238.95,25.932666,3619.158069,1,28.653836,4044.25,9.995002,22706.119005,105.231678,2.483577,568.04143,0.06137794,8.0464e-4,2.70255,0.715114,568.04143,0.00115357,103.338136,0.0010796,250.325,12.910776,8.89673,322.387247
2017-07-19,3.673014,68.438,115.035028,479.027298,1.781107,165.9185,17.1455,1.256321,1.789995,1.68585,1.698098,2,80.900078,1.6969,0.377164,1728.575305,1,1.368589,6.979091,3.1494,1,4.35818625e-4,64.29882,10.174164,1.948744,2.015409,1.260148,1546,0.954781,0.0246,654.697902,6.762926,6.7522,3004,573.525769,1,25.5,95.6,22.630042,178.77,6.449996,47.483782,108.9305,17.94,15.335675,23.291665,0.8674,2.025157,0.767435,0.767435,2.39998,0.767435,4.382606,0.767435,46.025,8987.65,7.294711,208.192635,7.808429,23.465609,6.432153,62.41315,265.603333,13312.716401,3.57951,0.767435,64.2733,1182.5,32638.809872,105.66,0.767435,127.899076,0.710306,111.8855,103.745,69.139704,4089.241667,425.95,900.09,1124.52,0.303074,0.83384,326.055491,8268.35,1506.712443,153.866358,93.500553,12.939589,1.383745,9.565,18.1215,2905.479832,53.4605,1360.755556,2406.821964,8.048123,363.144137,34.1515,15.450233,724.959958,17.574042,4.2865,60.946857,12.939589,350.5,30.030741,8.050382,102.991513,1.358039,0.385271,1,3.242419,3.183949,50.811,105.247992,3.649676,5554.75,3.679995,3.961896,104.682386,58.910167,840.604284,3.7501,7.841384,13.422181,6.68099,8.305987,1.368579,0.767435,7550.414494,578.606731,7.478,125.118811,21266.40284,8.75464,214.343333,12.941471,33.603,8.81646,3.514988,2.474097,2.236535,3.523345,6.757468,30.392,2239,25.972375,3619.858069,1,28.673558,4044.85,9.995002,22723.99374,105.451602,2.513196,568.977422,0.0613497,8.0552e-4,2.70255,0.715701,568.977422,0.0011669,103.508411,0.00108498,250.319142,12.934788,8.875619,322.322775
2017-07-20,3.673014,67.798,113.933966,473.737623,1.760491,165.9185,17.2035,1.25841,1.794996,1.68625,1.681184,2,79.747974,1.68185,0.377129,1711.138296,1,1.366439,6.898699,3.12185,1,3.52964327e-4,64.343524,10.076744,1.923611,1.993507,1.259768,1562.881563,0.951475,0.0246,652.5,6.758127,6.75959,2999.26,568.240226,1,25.5,95.15,22.397222,178.97,6.39479,46.903526,108.7615,17.8725,15.340232,22.90664,0.859947,2.0077,0.771302,0.771302,2.39768,0.771302,4.371647,0.771302,46.025,8876.35,7.214666,205.263902,7.81019,23.172096,6.370129,61.726874,262.52,13327.5382,3.553475,0.771302,64.335,1152.116523,32648.5,105.52,0.771302,126.372796,0.709904,111.8909,103.964433,68.965895,4066.441667,423.4,899.91,1121.61,0.302689,0.824152,322.151036,8104.585256,1486.106719,151.997514,93.996255,12.81791,1.368942,9.538545,18.109466,2971.419875,52.952392,1353.499087,2408.755756,7.955954,359.092599,34.153,15.460011,725.25,17.491484,4.291571,60.996857,12.81791,311.0608,29.645082,8.04631,101.963782,1.351268,0.38499,1,3.2395,3.139326,50.645736,104.147539,3.624618,5442.403363,3.656804,3.92872,103.645,58.925,818.603737,3.750128,7.774277,13.423244,6.603318,8.222916,1.366494,0.771302,7549.913926,571.847507,7.458,125.157783,21151.468296,8.654455,214.34,12.823818,33.5525,8.680602,3.50998,2.416199,2.227948,3.528084,6.6889709999999996,30.438,2240.4,25.630222,3560.6,1,28.625263,3997.8,10.15585,22730.486889,104.640253,2.484317,564.088172,0.06128578,8.0384e-4,2.70255,0.716878,564.088172,0.00118022,102.618959,0.00107927,250.331642,13.035666,8.713005,322.322775
2017-07-21,3.673018,68.3455,113.678788,477.675313,1.777193,165.9185,17.407,1.263903,1.795249,1.686,1.676959,2,80.604413,1.67704,0.377178,1729.3,1,1.363194,6.964119,3.143,1,3.72090254e-4,64.375536,10.136417,1.931949,2.012545,1.25385,1600,0.94584,0.0246,651.3,6.756757,6.76655,3012.89,574.870762,1,25.5,94.7,22.3374,178.653333,6.3763,47.322868,109.104935,17.8655,15.342719,23.241554,0.857229,2.0077,0.76926,0.76926,2.39442,0.76926,4.418046,0.76926,46.025,9e3,7.284007,207.059985,7.8093,23.410562,6.3528,62.317752,261.9055,13310.097119,3.568338,0.76926,64.47105,1165.15,32648.5,104.76,0.76926,127.568916,0.710308,111.1355,103.805,68.837649,4090.05,421.339749,900.09,1118.74,0.3023,0.831957,324.03,8252.55,1505.162443,153.422616,93.996255,12.9227,1.381809,9.515124,18.11145,2927.5,52.776,1361.85,2414.223306,8.030043,362.433894,33.781667,15.460011,725.275,17.654725,4.284951,60.5,12.9227,314.76,30.018367,8.041345,102.745947,1.341427,0.385065,1,3.249,3.1693,50.72,105.164608,3.659184,5549.85,3.675023,3.920411,103.125,59.2625,825.25,3.7499,7.774277,13.5035,6.68,8.242065,1.36235,0.76926,7540.987725,577.56,7.458,125.223121,21114.232902,8.736246,214.363333,12.915,33.4475,8.801307,3.504988,2.412499,2.220162,3.535943,6.763498,30.4455,2239.4,25.825082,3594.4,1,28.625263,4036.1,10.176015,22704.960549,104.709656,2.482732,562.305089,0.06055129,7.9681e-4,2.70255,0.713352,562.305089,0.00118208,102.29458,0.00106952,250.325,12.916581,8.801145,322.387247
2017-07-22,3.673018,68.3455,113.678788,477.675313,1.777193,165.9185,17.408478,1.263743,1.795249,1.686,1.676959,2,80.604413,1.67704,0.377178,1729.3,1,1.363194,6.964119,3.1428,1,3.51575409e-4,64.376624,10.136417,1.931949,2.012545,1.254115,1600,0.94575,0.024202,651.3,6.75907,6.767,3014.28,574.870762,1,25.5,94.7,22.33225,178.653333,6.3763,47.322868,109.104935,17.8675,15.338249,23.241554,0.85727,2.0077,0.76955,0.76955,2.391926,0.76955,4.418046,0.76955,46.025,9e3,7.284007,207.059985,7.80965,23.410562,6.3528,62.317752,261.765,13312.491365,3.568338,0.76955,64.4711,1165.15,32652.030415,104.868745,0.76955,127.568916,0.710308,111.1345,103.805,68.837649,4090.05,421.339749,899.91,1118.8,0.3023,0.831957,324.03,8252.55,1505.162443,153.422616,93.996255,12.9227,1.381809,9.515124,18.11145,2927.5,52.776,1361.85,2416.568908,8.030043,362.433894,33.781667,15.460011,725.275,17.652775,4.284951,60.5,12.9227,314.76,30.018367,8.035679,102.745947,1.341382,0.385065,1,3.249,3.1693,50.672,105.164608,3.6585,5549.85,3.675023,3.920415,103.125,59.2625,825.25,3.7499,7.772723,13.5035,6.68,8.2417,1.3624,0.76955,7525.476034,577.56,7.458,125.198079,21035.677532,8.736246,214.363333,12.915,33.45325,8.801307,3.504988,2.412499,2.21855,3.536422,6.763498,30.447,2239.4,25.825082,3594.4,1,28.625263,4036.1,10.176015,22681.915469,104.540135,2.482567,562.332257,0.06055129,7.9681e-4,2.70255,0.713352,562.332257,0.00118208,102.299523,0.00106952,250.325,12.9158,8.801145,322.322775
2017-07-23,3.672999,68.464954,113.687515,477.675313,1.777193,165.9185,17.38,1.261845,1.795249,1.686,1.676959,2,80.604413,1.677257,0.377174,1728.580244,1,1.361338,6.964119,3.158903,1,3.61297286e-4,64.41329,10.136417,1.931949,2.012545,1.25375,1600.051203,0.944775,0.024198,651.379084,6.7567,6.72135,2985.73975,573.533269,1,25.5,94.7,22.309056000000002,178.62,6.365778,47.366294,109.104935,17.837,15.34,23.278243,0.856055,2.01106,0.769055,0.769055,2.39544,0.769055,4.419436,0.769055,46.025,8973.966667,7.284007,207.059985,7.80945,23.442125,6.354133,62.317752,261.65,13305.667753,3.567865,0.769055,64.4711,1167.827965,32659,104.7,0.769055,127.568916,0.710306,110.93166667,103.779012,68.837649,4089.353333,421.277249,899.91,1117.11,0.3023,0.831957,324.100198,8164.348205,1505.729955,153.422616,93.996255,12.92116,1.382447,9.513099,18.110727,2911.943866,52.774732,1365.98506,2416.583333,8.030043,362.447115,33.780435,15.460011,724.674294,17.63526,4.283491,60.708666,12.92116,314.906772,30.029694,8.0297,102.745947,1.341742,0.385078,1,3.239814,3.19284,50.645736,105.173687,3.65275,5479.603363,3.675023,3.91998,103.112157,59.2625,825.868853,3.7499,7.774277,13.50361,6.66903,8.231469,1.361899,0.769055,7525.5,581.307039,7.458,125.198079,20993.299805,8.736246,214.296667,12.934289,33.4415,8.801307,3.504988,2.412499,2.222479,3.53281,6.763498,30.44602,2229.410079,25.825082,3615.983069,1,28.598443,4040.733333,9.985022,22709.266667,104.54,2.467534,561.53553,0.06050897,7.96e-4,2.70255,0.713352,561.53553,0.00118138,102.154582,0.00106839,250.319142,12.916388,8.801145,322.322775
2017-07-24,3.673014,68.678,114.000421,478.889798,1.781063,165.9185,17.425,1.261694,1.795249,1.686,1.68009,2,80.901078,1.680446,0.37717,1733.55,1,1.361735,6.979245,3.1459,1,3.59987076e-4,64.365001,10.163463,1.946704,2.016926,1.25061,1600.102407,0.947512,0.024248,652.1,6.7508,6.7509,3029.07,575.045762,1,25.5,95,22.38115,178.77,6.389297,47.403597,108.805,17.8845,15.34,23.434716,0.859204,2.008103,0.767695,0.767695,2.3939,0.767695,4.390769,0.767695,46.025,8975.5,7.300656,205.942733,7.80705,23.464174,6.3681,62.453894,262.23,13302.754296,3.56548,0.767695,64.3751,1165.559957,32668.5,105.77,0.767695,127.829683,0.709703,111.23615,103.964433,68.56515,4092.866667,422.917435,900.09,1114.9,0.30219,0.833936,327.502082,8277.025,1504.524887,153.658055,90.009,12.97484,1.377697,9.5306,18.119,2909.204832,52.901752,1368.96006,2416.916667,8.045281,363.146637,33.791,15.460015,724.921611,17.73742,4.2775,60.833333,12.97484,314.980159,30.063433,8.0157,102.999013,1.344348,0.385002,1,3.244875,3.176193,50.7365,105.318422,3.66335,5560.5,3.670007,3.921068,103.531912,60.005,826.672132,3.7501,7.754724,13.556063,6.680799,8.21717,1.36233,0.767695,7525.5,578.620064,7.458,124.8051,21029.34961,8.756053,214.343333,12.979175,33.41,8.781805,3.50998,2.4479,2.221464,3.55627,6.778177,30.354,2239.2,25.815615,3619.908069,1,28.494716,4045.9,10.11025,22711.433333,103.833333,2.468757,563.600953,0.060721990000000003,7.9762e-4,2.70255,0.712579,563.600953,0.0011696,102.530324,0.00107583,250.319142,12.96541,8.83034,322.322775
2017-07-25,3.673014,68.4955,113.870562,478.768199,1.780649,165.9185,17.469,1.260824,1.795249,1.686,1.679295,2,81.283965,1.681085,0.377117,1729.000305,1,1.361148,6.976727,3.1728,1,3.86158712e-4,64.391882,10.18253,1.947716,2.01616,1.250813,1600.102407,0.952745,0.024172,650.1,6.7589,6.750097,3030.1,573.658269,1,25.5,94.75,22.368695,178.57,6.386682,47.357844,108.745,17.918,15.336971,23.283073,0.858773,2.022703,0.767668,0.767668,2.3972,0.767668,4.421454,0.767668,46.025,8969.3,7.296891,207.608977,7.808788,23.464174,6.367584,62.279594,262.2565,13321.556099,3.576895,0.767668,64.457,1165.384957,32681.571923,106.085771,0.767668,127.844683,0.7085,112.0135,103.945,68.48652,4083.333333,422.25,900.09,1120.23,0.30219,0.833616,327.219582,8285,1504.524887,153.576733,89.991,13.019545,1.37704,9.529762,18.104555,2899.159664,52.880491,1370.81006,2419.857884,8.045206,363.096637,33.778,15.450233,725.72,17.7693,4.282,61,13.018634,314.980159,30.0136,7.975399,103.019013,1.347745,0.385002,1,3.245495,3.17503,50.645736,105.335922,3.662575,5557.1,3.640877,3.91907,103.705,59.9875,826.791066,3.75,7.780378,13.554141,6.679144,8.20913,1.363104,0.767668,7525.351914,578.556731,7.458,124.87295,21037.292427,8.752969,214.72147,13.02649,33.475,8.779348,3.499986,2.468105,2.217142,3.572449,6.784833,30.359,2239.2,25.837756,3617.883069,1,28.474568,4043.55,9.995002,22716.232544,103.79732,2.465132,563.318417,0.06087169,8.0188e-4,2.70255,0.712941,563.318417,0.0011613,102.478925,0.00107992,250.3,13.079591,8.827156,322.322775
2017-07-26,3.673097,68.537995,114.238333,478.617298,1.779847,165.9185,17.503,1.250019,1.79525,1.686,1.680224,2,80.612663,1.66596,0.377055,1724.65061,1,1.361487,6.926146,3.13899,1,3.9304448e-4,64.398868,10.105525,1.933137,2.015585,1.245199,1600.051203,0.951234,0.023948,645.672388,6.743316,6.754701,3017.39,573.296537,1,25.5,95.05,22.200018,178.57,6.338814,46.914117,108.582,17.9165,15.335855,23.2765,0.852396,2.0235,0.762515,0.762515,2.39692,0.762515,4.401567,0.762515,46,8991.433333,7.29395,206.107683,7.809247,23.216022,6.3215,62.267,259.872495,13329.44687,3.55949,0.762515,64.3546,1157.85,32691.5,103.75,0.762515,127.705,0.7085,111.160375,103.845,68.522904,4083.333333,421.94844,900.09,1112.9,0.3024,0.833293,324.187698,8012.820513,1508.5,153.548466,89.991,12.946639,1.36685,9.49,18.109466,2904.354832,52.886,1357.15,2419.020726,8.0443,363.073274,33.6135,15.450233,725.019958,17.59106,4.2845,60.727777,12.947045,312.031466,29.99122,7.89466,102.951163,1.328716,0.38499,1,3.248808,3.146662,50.6145,104.456445,3.621105,5506.75,3.660014,3.893792,102.653333,59.5759,828.8075,3.7504,7.760724,13.33139,6.677206,8.173179,1.356158,0.762515,7529.66525,581.7225,7.458,125.0365,20988.85313,8.749404,214.72147,12.937345,33.357,8.799486,3.499972,2.433493,2.212769,3.534827,6.715409,30.262,2238.35,25.679623,3612.355379,1,28.494716,4071.233333,10.14995,22722.466749,103.408636,2.466662,559.134796,0.06013057,7.9342e-4,2.70255,0.713242,559.134796,0.00115146,101.71784,0.00107528,250.325,12.908015,8.849365,322.322775
2017-07-27,3.673014,68.5075,114.02021,479.64399,1.784197,165.9185,17.6355,1.254008,1.795249,1.7,1.674565,2,80.826866,1.6726,0.37716,1737.65,1,1.360139,6.990677,3.153989,1,3.71613901e-4,64.294565,10.158882,1.945712,2.020352,1.253932,1600.102407,0.963824,0.024162,648.482388,6.7401,6.740669,3012.6,575.135762,1,25.5,94.65,22.28725,178.57,6.361915,47.388517,108.656727,17.8845,15.327953,23.357644,0.855443,2.001651,0.764734,0.764734,2.39874,0.764734,4.409879,0.764734,46,8988.9,7.309455,208.247635,7.809147,23.504068,6.3451,62.436873,261.322,13315.064117,3.555115,0.764734,64.195,1169.950739,32696.5,104.12,0.764734,128.140991,0.7085,111.09438308,103.895,68.617038,4093.591667,421.64,900.09,1116.45,0.302035,0.835262,326.838173,8290.7,1507.187443,154.015818,89.991,12.964872,1.376046,9.506,18.167127,2948.3,52.696135,1369.38506,2419.193269,8.062064,364.105827,33.4795,15.460011,724.983277,17.727445,4.2775,61.062857,12.964872,315.971987,30.032815,7.94684,102.798102,1.332871,0.384966,1,3.243239,3.181615,50.543344,105.574635,3.63525,5576.5,3.645033,3.90407,102.905,59.392,827.643566,3.7502,7.765276,13.622,6.692165,8.210201,1.358225,0.764734,7535.120027,579.89334,7.458,125.71557,21003.519115,8.770616,214.67853,12.960584,33.33,8.796858,3.499986,2.440511,2.208391,3.537197,6.766692,30.247,2239.25,25.969905,3622.833069,1,28.446067,4050.45,10.100958,22704.754572,103.601009,2.465414,561.133804,0.06026457,7.9359e-4,2.70255,0.711216,561.133804,0.00114276,102.0815,0.0010805,250.319142,13.010447,8.871709,322.322775
2017-07-28,3.673097,68.159,113.362037,477.297813,1.773664,165.9185,17.7988,1.252035,1.795249,1.7,1.664686,2,80.442453,1.663725,0.377138,1727.75,1,1.357297,6.95025,3.13095,1,3.57587945e-4,64.221177,10.146947,1.932566,2.008505,1.24325,1626.123744,0.96869,0.024322,653.7,6.737476,6.7369,3000.45,571.716135,1,25.5,94.65,22.18715,178.57,6.3298,47.116641,108.408822,17.8825,15.326793,23.102998,0.85117,2.001651,0.761354,0.761354,2.39636,0.761354,4.346993,0.761354,45.975,8933.1,7.265429,206.185183,7.81019,23.358598,6.3057,61.948106,259.295,13321.840558,3.560198,0.761354,64.1335,1163.85,32696.5,103.06,0.761354,127.320536,0.709804,110.6685,103.971933,68.651023,4084.9,421.64,899.91,1124.7,0.302227,0.830364,325.399874,8248.1,1502.85,153.190038,90.009,13.010784,1.367854,9.47225,18.0555,2942,52.402,1355.624087,2432.943278,8.017114,361.732236,33.4725,15.460011,726.235,17.78025,4.281465,61.155,13.010784,306.251114,29.838777,7.90944,102.277723,1.331063,0.38502,1,3.2446,3.162985,50.54575,104.98498,3.621221,5543.15,3.62845,3.881475,102.375,59.5142,823.545366,3.75035,7.763724,13.62,6.65296,8.11779,1.35695,0.761354,7529.042157,576.569786,7.458,125.539353,20938.547724,8.718995,214.67853,13.003293,33.374,8.748735,3.499986,2.445912,2.208335,3.528768,6.71631,30.293,2239.2,25.828217,3597.1,1,28.353428,4055.5,10.12895,22683.6779,103.637478,2.487337,558.33092,0.05969438,7.8771e-4,2.70255,0.71147,558.33092,0.00113316,101.571599,0.00106866,250.319142,13.00343,8.868473,322.322775
2017-07-29,3.673097,68.159,113.362037,477.297813,1.773664,165.9185,17.796631,1.252191,1.795249,1.7,1.664686,2,80.442453,1.663725,0.377138,1727.75,1,1.357297,6.95025,3.13205,1,3.66908893e-4,64.214905,10.146947,1.932566,2.008505,1.243464,1626.123744,0.96869,0.024318,653.7,6.739854,6.7374,3000.45,571.716135,1,25.5,94.65,22.18155,178.57,6.3293,47.116641,108.408822,17.874,15.322896,23.102998,0.851135,2.001651,0.76139,0.76139,2.39636,0.76139,4.346993,0.76139,45.975,8933.1,7.265429,206.185183,7.81014,23.358598,6.3057,61.948106,259.31,13318.870817,3.560198,0.76139,64.1335,1163.85,32696.5,103.06,0.76139,127.320536,0.709804,110.6685,103.971933,68.64297,4084.9,421.64,900.09,1124.85,0.302227,0.830364,325.399874,8248.1,1502.85,153.190038,89.991,13.010784,1.367854,9.47225,18.0555,2942,52.402,1355.624087,2434.863155,8.017114,361.732236,33.4725,15.460011,726.235,17.77965,4.281465,61.155,13.010784,306.251114,29.838777,7.90854,102.277723,1.330672,0.38502,1,3.2446,3.162985,50.548,104.98498,3.6203,5543.15,3.62845,3.881528,102.375,59.5134,823.545366,3.75035,7.765276,13.62,6.65296,8.119695,1.35675,0.76139,7525,576.569786,7.458,125.539353,20892.99254,8.718995,214.67853,13.003293,33.3555,8.748735,3.499986,2.445912,2.20825,3.527817,6.71631,30.294,2239.2,25.828217,3597.1,1,28.353428,4055.5,10.12895,22730.131116,103.743294,2.487367,558.307961,0.05969438,7.8771e-4,2.70255,0.71147,558.307961,0.00113316,101.567422,0.00106866,250.319142,13.008695,8.868473,322.322775
2017-07-30,3.672978,68.159,113.362037,477.297813,1.773664,165.9185,17.808,1.252887,1.79175,1.68545,1.664686,2,80.442453,1.664592,0.377138,1726.200305,1,1.355506,6.95025,3.132098,1,3.65577483e-4,64.208899,10.146947,1.932566,2.008505,1.24629,1626.123744,0.969253,0.024318,652.586355,6.7363,6.73959,2985.73975,571.716135,1,25.5,94.113434,22.182871,177.9925,6.329572,47.078301,108.407258,17.886,15.32,23.102998,0.851279,2.001651,0.760835,0.760835,2.39782,0.760835,4.346993,0.760835,45.975,8933.1,7.265429,206.185183,7.809166,23.358598,6.306195,61.948106,259.307007,13308.316128,3.560115,0.760835,64.1335,1163.634957,32696.5,103.1,0.760835,127.320536,0.709804,110.5096,103.971933,68.6375,4084.116667,421.64,900.09,1125.05,0.302567,0.830364,325.399874,8248.1,1503.687443,153.190038,90.009,13.010784,1.367854,9.465679,18.072878,2963.869875,52.401106,1355.624087,2434.166667,8.017114,361.732236,33.471743,15.486667,722.808035,17.76297,4.2815,61.155,13.010784,308.325836,29.838777,7.917895,102.277723,1.330259,0.38501,1,3.233013,3.162985,50.543344,104.98498,3.622145,5543.15,3.637771,3.881909,102.360701,59.5142,823.545366,3.75039,7.765276,13.620608,6.65296,8.108355,1.357315,0.760835,7525,576.569786,7.458,125.514247,20855.549805,8.718995,214.67853,13.003293,33.34425,8.748735,3.466433,2.445912,2.20823,3.53319,6.71631,30.257,2224.635079,25.828217,3617.333069,1,28.347131,4069.416667,10.129082,22701.266667,103.743332,2.499558,558.402497,0.05958766,7.8722e-4,2.70255,0.71147,558.402497,0.00113319,101.58462,0.00106725,250.165999,13.003902,8.868473,322.322775
2017-07-31,3.673097,67.7735,112.999629,474.53,1.763756,165.9185,17.645,1.249522,1.795504,1.68545,1.665118,2,80.636798,1.65211,0.377043,1724.65061,1,1.356056,6.91137,3.1273,1,3.48825289e-4,64.145167,10.100782,1.927701,1.9973,1.25075,1613.322925,0.967429,0.024172,650.359084,6.728181,6.72585,2985.333333,569.726142,1,25.5,93.5,22.069433,178.57,6.29139,46.803961,108.378822,17.8987,15.32,23.115899,0.845976,2.008905,0.757684,0.757684,2.3961,0.757684,4.349907,0.757684,46,8988.4,7.224946,205.775355,7.81055,23.233665,6.271586,62.047398,257.311663,13307.071573,3.56336,0.757684,64.1995,1157.35,32706.5,103.29,0.757684,126.640393,0.7085,110.35841667,103.9,68.638,4083.333333,416.001107,899.91,1119.73,0.301798,0.825705,326.380491,8012.820513,1504.524887,152.145623,89.991,13.007155,1.359764,9.439127,18.003136,2918.1,52.26,1350.824087,2437.5,7.970961,359.422599,33.3545,15.450233,726.962859,17.80455,4.2815,60.862666,13.007155,312.031466,29.970288,7.879401,102.597627,1.331932,0.385005,1,3.239119,3.145307,50.459,104.456445,3.598034,5456.828363,3.660007,3.856783,101.605374,59.765,833.31744,3.7503,7.777378,13.40989,6.678521,8.0798,1.355821,0.757684,7525,573.300573,7.458,125.02665,20790.25,8.670179,214.72147,13.009243,33.289,8.73451,3.50998,2.377889,2.19975,3.518588,6.690059,30.215,2239,25.613982,3623.808069,1,28.317428,4085.283333,10.14375,22702.433333,104.460001,2.459867,554.923706,0.0595185,7.8882e-4,2.70255,0.710912,554.923706,0.00113126,100.951758,0.00106641,250.319142,13.175155,8.813839,322.322775
2017-08-01,3.673097,68.449529,112.453203,479.54899,1.780943,165.9185,17.574,1.256849,1.79525,1.68545,1.656799,2,81.338625,1.6568,0.377091,1737.430974,1,1.358075,6.979111,3.1262,1,3.65806765e-4,64.111392,10.236595,1.94564,2.016944,1.254794,1639.892473,0.965421,0.024332,652.619084,6.729746,6.715162,2969.01,573.743269,1,25.5,93.55,22.15367,178.77,6.296218,47.237901,108.454,17.853,15.333085,23.437564,0.846655,2.00085,0.757171,0.757171,2.39142,0.757171,4.397571,0.757171,46.25,8955.25,7.288057,206.318019,7.813305,23.45,6.2739,62.087662,257.0803,13317.085826,3.560865,0.757171,64.0658,1169.325369,32711.5,104.23,0.757171,127.665593,0.7085,110.44099822,103.914027,68.656403,4083.333333,417,900.09,1121.39,0.302108,0.833811,332.135291,8281.45,1504.524887,153.566733,90.009,13.280713,1.368407,9.4441020000000009,17.986618,2985.73975,52.197,1366.71006,2442.312917,8.051591,361.984736,33.0215,15.450233,724.999958,17.896813,4.2865,61.048094,13.22875,315.485669,29.913908,7.922207,102.545585,1.346744,0.385169,1,3.239375,3.17615,50.422,105.44147,3.603738,5558.25,3.670021,3.854394,101.573213,60.2964,827.218566,3.75015,7.683132,13.574799,6.680696,8.11038,1.359328,0.757171,7535.162076,578.600064,7.458,125.338465,20802.41015,8.755623,214.72147,13.261817,33.2945,8.815247,3.499972,2.426603,2.199455,3.52962,6.750568,30.251,2239.05,25.88371,3624.858069,1,28.265527,4077.891667,10.130642,22685.962744,103.480179,2.455694,555.36934,0.05997902,7.8884e-4,2.70255,0.708254,555.36934,0.00111929,101.032828,0.00105933,250.325,13.254604,8.945548,322.322775
2017-08-02,3.672779,68.2805,111.45,477.760313,1.776342,165.9195,17.564,1.256962,1.795504,1.6854,1.649514,2,80.508349,1.650196,0.37709,1728.075305,1,1.358808,6.960778,3.113683,1,3.68933922e-4,63.934963,10.209256,1.94704,2.011555,1.257237,1639.784946,0.970543,0.024222,650.8,6.728117,6.723359,2961.87,573.030769,1,25.5,93.35,22.022925999999998,178.57,6.276524,47.104891,108.4105,17.851,15.338108,23.258364,0.843783,2.016594,0.755994,0.755994,2.39314,0.755994,4.384024,0.755994,46.15,8928.65,7.264527,207.1486,7.816496,23.414453,6.2514,61.938248,255.840063,13323.874993,3.573605,0.755994,63.6506,1164.009957,32718.5,104.288154,0.755994,127.474211,0.7085,110.75583333,103.855,68.667195,4083.333333,415.375,900.09,1123.05,0.301803,0.831586,336.254096,8290,1504.524887,153.286485,90.009,13.260145,1.365881,9.4206,17.893,2984.794875,52.1755,1354.924087,2445.919895,8.0353,362.007236,32.95,15.450233,726.477145,17.83248,4.287523,60.994761,13.260145,315.076772,29.782577,7.901027,101.544178,1.349553,0.385093,1,3.23825,3.167747,50.39053,105.36,3.591954,5546.1,3.665012,3.84839,101.008333,60.5249,826.241066,3.7501,7.661066,13.501593,6.662968,8.104068,1.360652,0.755994,7553.318592,576.617179,7.438,125.553443,20715.197554,8.73151,214.72147,13.228647,33.29,8.782025,3.50998,2.437305,2.205021,3.53926,6.732827,30.247,2239.3,25.862169,3623.583069,1,28.30526,4086.666667,10.131284,22692.537456,103.374624,2.457714,553.485526,0.0604595,7.9174e-4,2.70255,0.70792,553.485526,0.00111423,100.690125,0.00105767,250.306642,13.219647,9.006636,322.387247
