200,meter1,E1E2,E1,E1,,CZ226453,KWH,30,
300,20171124,0.000,0.000,0.000,0.000,0.000,0.000,0.000,0.000,0.000,0.000,0.000,0.000,0.000,0.000,0.000,0.000,0.000,0.000,0.000,0.000,0.000,0.000,0.000,0.000,0.000,0.000,0.000,0.000,0.000,0.000,0.000,0.000,0.000,0.000,0.000,0.000,0.000,0.000,0.000,0.000,0.000,0.000,0.000,0.000,0.000,0.000,0.000,0.000,A,,,20171125030312,
300,20171125,0.000,0.000,0.000,0.000,0.000,0.000,0.000,0.000,0.000,0.000,0.000,0.000,0.000,0.000,0.000,0.000,0.000,0.000,0.000,0.000,0.000,0.000,0.000,0.000,0.000,0.000,0.000,0.000,0.000,0.000,0.000,0.000,0.000,0.000,0.000,0.000,0.000,0.000,0.000,0.000,0.000,0.000,0.000,0.000,0.000,0.000,0.000,0.000,A,,,20171126021756,
300,20171126,0.000,0.000,0.000,0.000,0.000,0.000,0.000,0.000,0.000,0.000,0.000,0.000,0.000,0.000,0.000,0.000,0.000,0.000,0.000,0.000,0.000,0.000,0.000,0.000,0.000,0.000,0.000,0.000,0.000,0.000,0.000,0.000,0.000,0.000,0.000,0.000,0.000,0.000,0.000,0.000,0.000,0.000,0.000,0.000,0.000,0.000,0.000,0.000,A,,,20171127003723,
300,20171127,0.000,0.000,0.000,0.000,0.000,0.000,0.000,0.000,0.000,0.000,0.000,0.000,0.000,0.000,0.000,0.000,0.000,0.000,0.000,0.000,0.000,0.000,0.000,0.000,0.000,0.000,0.000,0.000,0.000,0.000,0.000,0.000,0.000,0.000,0.000,0.000,0.000,0.000,0.000,0.000,0.000,0.000,0.000,0.000,0.000,0.000,0.000,0.000,A,,,20171128003835,
300,20171128,0.000,0.000,0.000,0.000,0.000,0.000,0.000,0.000,0.000,0.000,0.000,0.000,0.000,0.000,0.000,0.000,0.000,0.000,0.000,0.000,0.000,0.000,0.000,0.000,0.000,0.000,0.000,0.000,0.000,0.000,0.000,0.000,0.000,0.000,0.000,0.000,0.000,0.000,0.000,0.000,0.000,0.000,0.000,0.000,0.000,0.000,0.000,0.000,A,,,20171129003738,
300,20171129,0.000,0.000,0.000,0.000,0.000,0.000,0.000,0.000,0.000,0.000,0.000,0.000,0.000,0.000,0.000,0.000,0.000,0.000,0.000,0.000,0.000,0.000,0.000,0.000,0.000,0.000,0.000,0.000,0.000,0.000,0.006,0.006,0.006,0.006,0.013,0.006,0.006,0.006,0.006,0.006,0.388,0.431,0.263,0.181,0.181,0.244,0.994,1.025,V,,,20171130004339,
400,1,43,A,,
400,44,44,A,89,
400,45,48,A,,
300,20171130,1.056,1.081,1.094,1.113,1.119,1.138,1.150,1.150,1.169,1.194,1.256,1.444,1.181,1.144,1.106,1.094,1.081,1.075,1.050,1.038,1.019,1.056,1.069,0.119,0.056,0.106,0.138,0.119,0.138,0.138,0.131,0.500,0.969,1.044,1.044,1.056,1.075,1.063,1.069,1.156,1.175,1.113,1.131,1.131,1.144,1.163,1.163,1.175,V,,,20171201003611,
400,1,27,A,,
400,28,28,A,89,
400,29,48,A,,
300,20171201,1.188,1.194,1.206,1.206,1.225,1.225,1.231,1.219,1.213,1.238,1.288,1.281,1.325,1.294,1.269,1.263,1.225,1.213,1.200,1.194,1.325,1.194,1.206,0.050,0.031,0.025,0.025,0.019,0.031,0.038,0.031,0.025,0.050,0.063,0.038,0.031,0.088,0.469,0.119,0.094,0.044,0.044,0.044,0.031,0.038,0.025,0.063,0.069,A,,,20171203071206,
300,20171202,0.063,0.031,0.038,0.069,0.044,0.013,0.038,0.031,0.013,0.263,0.956,0.881,0.356,0.025,0.019,0.050,0.019,0.081,0.163,0.456,0.088,0.069,0.013,0.075,0.056,0.206,0.100,0.056,0.063,0.750,0.206,0.638,0.319,1.069,0.913,0.456,0.119,0.106,0.681,0.738,0.525,0.488,0.044,0.044,0.031,0.025,0.038,0.031,A,,,20171203003827,
300,20171203,0.019,0.038,0.025,0.469,0.144,0.300,0.419,0.119,0.288,0.388,0.475,0.369,0.425,0.369,0.388,0.094,0.288,0.094,0.250,0.581,0.163,0.113,0.538,0.844,0.525,0.131,0.069,0.081,0.081,0.056,0.113,0.106,0.088,0.906,1.106,0.731,0.631,0.975,1.013,0.225,0.081,0.038,0.038,0.019,0.038,0.013,0.038,0.025,A,,,20171204200713,
300,20171204,0.025,0.038,0.019,0.450,0.013,0.413,0.019,0.350,0.031,0.363,0.513,0.350,0.181,0.175,0.225,0.056,0.031,0.019,0.038,0.025,0.025,0.038,0.019,0.038,0.038,0.013,0.031,0.031,0.019,0.038,0.013,0.038,0.019,0.025,0.038,0.013,0.031,0.019,0.031,0.031,0.025,0.075,0.013,0.038,0.256,0.131,0.244,0.138,A,,,20171205003309,
300,20171205,0.306,0.106,0.163,0.188,0.319,0.213,0.144,0.356,0.350,0.519,0.781,0.125,0.038,0.031,0.019,0.038,0.013,0.031,0.025,0.025,0.031,0.019,0.038,0.013,0.038,0.025,0.025,0.038,0.013,0.300,0.800,0.169,0.069,0.056,0.063,0.069,0.338,0.156,0.131,0.581,0.456,0.044,0.031,0.038,0.013,0.038,0.025,0.025,A,,,20171211144524,
300,20171206,0.038,0.013,0.044,0.013,0.038,0.019,0.025,0.038,0.025,0.063,0.013,0.038,0.013,0.044,0.106,0.019,0.038,0.044,0.038,0.013,0.038,0.113,0.025,0.038,0.013,0.038,0.025,0.025,0.038,0.006,0.050,0.038,0.056,0.069,0.469,0.050,0.075,0.056,0.013,0.038,0.038,0.013,0.038,0.019,0.025,0.038,0.013,0.038,A,,,20171223042708,
300,20171207,0.019,0.063,0.069,0.063,0.019,0.031,0.025,0.025,0.031,0.013,0.144,0.306,0.031,0.013,0.156,0.019,0.031,0.031,0.056,0.088,0.094,0.025,0.038,0.031,0.025,0.044,0.025,0.025,0.050,0.031,0.019,0.050,0.125,0.125,0.069,0.075,0.044,0.181,0.081,0.044,0.038,0.019,0.031,0.031,0.013,0.038,0.013,0.038,A,,,20171211150632,
300,20171208,0.019,0.025,0.031,0.019,0.038,0.013,0.038,0.419,0.056,0.350,0.363,0.344,0.038,0.138,0.050,0.025,0.031,0.038,0.019,0.038,0.013,0.038,0.025,0.075,0.063,0.013,0.038,0.025,0.025,0.038,0.013,0.038,0.100,0.150,0.113,0.069,0.681,0.600,0.031,0.019,0.038,0.019,0.031,0.031,0.013,0.038,0.013,0.038,A,,,20171209003320,
300,20171209,0.019,0.031,0.025,0.069,0.063,0.063,0.019,0.025,0.238,0.169,0.031,0.338,0.038,0.006,0.038,0.156,0.038,0.031,0.031,0.038,0.013,0.038,0.013,0.031,0.050,0.013,0.031,0.119,0.031,0.044,0.031,0.019,0.031,0.075,0.075,0.050,0.069,0.038,0.013,0.038,0.025,0.019,0.038,0.013,0.031,0.025,0.025,0.031,A,,,20171210003508,
300,20171210,0.013,0.038,0.019,0.025,0.038,0.013,0.031,0.019,0.031,0.025,0.019,0.038,0.013,0.169,0.013,0.038,0.025,0.025,0.031,0.013,0.044,0.025,0.025,0.038,0.131,0.038,0.050,0.019,0.044,0.031,0.019,0.038,0.056,0.100,0.069,0.050,0.063,0.175,0.050,0.031,0.038,0.013,0.038,0.025,0.019,0.038,0.013,0.038,A,,,20171211003833,
300,20171211,0.025,0.019,0.038,0.013,0.050,0.075,0.069,0.031,0.038,0.006,0.038,0.019,0.025,0.031,0.138,0.075,0.031,0.031,0.031,0.019,0.038,0.013,0.031,0.031,0.019,0.038,0.013,0.031,0.038,0.013,0.038,0.106,0.175,0.713,0.519,0.050,0.069,0.075,0.038,0.031,0.138,0.038,0.038,0.038,0.013,0.038,0.025,0.025,A,,,20171212003353,
300,20171212,0.044,0.006,0.044,0.025,0.025,0.038,0.013,0.038,0.025,0.025,0.038,0.013,0.175,0.031,0.038,0.025,0.025,0.038,0.013,0.038,0.031,0.019,0.038,0.025,0.025,0.044,0.013,0.038,0.031,0.019,0.038,0.031,1.100,1.138,1.144,1.175,1.194,1.188,1.219,1.244,1.225,1.281,1.294,1.331,1.369,1.425,1.456,1.469,A,,,20171213003306,
300,20171213,1.469,1.456,1.438,1.444,1.419,1.425,1.438,1.413,0.606,0.031,0.006,0.031,0.006,0.144,0.006,0.031,0.813,0.994,1.169,0.856,1.125,1.106,1.119,1.050,1.056,1.038,1.038,1.044,0.956,0.906,0.925,0.913,1.038,1.013,1.031,1.044,1.031,1.044,1.138,1.044,1.050,1.106,1.113,1.113,1.156,1.150,1.144,1.194,A,,,20171214003803,
300,20171214,1.188,1.313,1.219,1.206,1.238,1.238,1.231,1.263,1.238,1.269,0.838,0.019,0.038,0.006,0.038,0.131,0.056,0.063,0.006,0.038,0.025,0.019,0.031,0.019,0.025,0.038,0.006,0.038,0.025,0.019,0.038,0.588,1.200,1.175,1.175,1.275,1.244,1.225,1.206,1.213,1.263,1.263,1.350,1.331,1.419,1.456,1.475,1.438,A,,,20171215010755,
300,20171215,1.463,1.488,1.456,1.431,0.588,0.756,0.356,1.344,0.744,0.356,0.594,0.450,0.638,1.069,0.713,0.031,0.013,0.094,0.069,0.050,0.056,0.050,0.031,0.044,0.050,0.025,0.044,0.044,0.025,0.044,0.044,0.050,0.075,0.081,0.575,0.606,0.050,0.031,0.038,0.050,0.025,0.044,0.044,0.025,0.044,0.038,0.031,0.044,A,,,20171216003354,
300,20171216,0.019,0.044,0.031,0.038,0.044,0.019,0.044,0.025,0.044,0.025,0.169,0.038,0.019,0.113,0.031,0.038,0.050,0.513,0.106,0.038,0.038,0.706,0.775,0.700,0.575,0.988,0.650,0.494,0.513,0.875,0.681,0.275,0.356,0.056,0.050,0.044,0.025,0.044,0.044,0.019,0.050,0.063,0.038,0.050,0.050,0.031,0.038,0.044,A,,,20171220153336,
300,20171217,0.038,0.031,0.050,0.031,0.031,0.050,0.019,0.044,0.044,0.194,0.044,0.038,0.031,0.050,0.031,0.044,0.044,0.031,0.425,0.131,0.325,1.269,0.738,1.081,0.700,0.525,0.469,0.231,0.094,0.075,0.056,0.150,1.400,0.844,0.875,0.969,0.238,0.563,1.388,1.663,1.150,1.144,1.194,1.194,1.219,1.238,1.256,1.300,A,,,20171223055331,
300,20171218,1.288,1.344,1.356,1.419,1.406,1.444,1.413,1.444,0.756,0.713,0.838,0.881,1.225,0.913,0.238,0.106,0.050,0.019,0.044,0.031,0.050,0.069,0.038,0.038,0.050,0.038,0.031,0.044,0.050,0.025,0.044,0.044,0.025,0.588,1.081,1.113,1.144,1.525,1.256,1.194,1.169,1.163,1.144,1.175,1.181,1.219,1.206,1.219,A,,,20171220154149,
300,20171219,1.194,1.194,1.213,1.213,1.225,1.225,1.213,1.231,1.225,1.369,1.244,1.206,1.369,2.056,1.300,1.256,1.250,1.169,1.225,1.163,1.113,1.100,1.081,0.181,0.175,0.144,0.169,0.175,0.144,0.169,0.175,0.463,1.038,1.144,1.450,1.663,1.925,1.325,1.250,1.206,1.213,1.294,1.269,1.250,1.275,1.306,1.331,1.319,A,,,20171228113159,
300,20171220,1.181,1.144,0.969,0.713,0.831,0.650,0.606,0.781,0.625,1.175,0.275,0.194,0.094,0.038,0.088,0.113,0.100,0.150,0.106,0.181,0.088,0.075,0.069,0.031,0.069,0.075,0.181,0.063,1.088,1.169,1.250,1.250,1.269,1.281,1.275,1.288,1.306,1.319,1.375,0.925,1.231,0.244,0.131,0.400,0.150,0.356,0.363,0.119,A,,,20171228113159,
300,20171221,0.306,0.119,0.094,0.119,0.113,0.100,0.119,0.088,0.119,0.231,0.106,0.125,0.094,0.669,0.531,0.663,1.713,1.075,1.256,1.206,1.594,1.219,1.144,1.131,1.100,1.144,1.169,1.156,1.138,1.163,1.131,1.444,1.394,1.263,1.294,1.944,2.669,2.513,1.431,1.113,1.788,1.275,1.163,1.119,0.319,0.275,0.456,0.425,A,,,20171222011006,
300,20171222,0.175,0.244,0.325,0.100,0.306,0.119,0.450,0.119,0.094,0.231,0.044,0.106,0.131,0.025,0.038,0.044,0.019,0.044,0.031,0.025,0.044,0.031,0.031,0.044,0.013,0.044,0.038,0.025,0.038,0.031,0.031,0.044,0.038,0.025,0.044,0.038,0.025,0.044,0.038,0.025,0.044,0.038,0.025,0.044,0.038,0.019,0.044,0.038,A,,,20171223010717,
300,20171223,0.025,0.044,0.031,0.031,0.044,0.025,0.031,0.044,0.019,0.044,0.038,0.019,0.044,0.031,0.031,0.044,0.025,0.063,0.075,0.075,0.031,0.044,0.044,0.025,0.044,0.044,0.019,0.050,0.044,0.019,0.044,0.050,0.025,0.044,0.044,0.031,0.031,0.050,0.031,0.031,0.044,0.038,0.025,0.044,0.038,0.025,0.044,0.038,A,,,20171224004107,
300,20171224,0.019,0.044,0.044,0.019,0.044,0.038,0.019,0.044,0.038,0.025,0.044,0.031,0.031,0.038,0.031,0.031,0.044,0.019,0.044,0.038,0.019,0.044,0.031,0.031,0.044,0.025,0.031,0.044,0.025,0.038,0.044,0.019,0.038,0.044,0.025,0.038,0.044,0.019,0.038,0.044,0.019,0.044,0.025,0.031,0.044,0.019,0.038,0.038,A,,,20171225003351,
300,20171225,0.025,0.044,0.019,0.038,0.038,0.025,0.038,0.025,0.038,0.031,0.025,0.044,0.019,0.038,0.031,0.031,0.044,0.013,0.050,0.088,0.069,0.038,0.038,0.031,0.031,0.044,0.025,0.038,0.050,0.019,0.044,0.038,0.025,0.050,0.031,0.031,0.044,0.031,0.031,0.044,0.025,0.044,0.038,0.025,0.038,0.031,0.031,0.044,A,,,20171226003501,
300,20171226,0.013,0.044,0.031,0.025,0.044,0.019,0.044,0.025,0.031,0.044,0.013,0.044,0.019,0.038,0.038,0.025,0.044,0.013,0.044,0.031,0.031,0.038,0.025,0.038,0.044,0.019,0.038,0.038,0.025,0.044,0.038,0.025,0.038,0.038,0.025,0.044,0.038,0.025,0.044,0.038,0.025,0.044,0.038,0.025,0.038,0.044,0.019,0.044,A,,,20171227003853,
300,20171227,0.044,0.019,0.038,0.044,0.019,0.044,0.044,0.019,0.038,0.044,0.019,0.044,0.038,0.025,0.038,0.038,0.025,0.044,0.038,0.025,0.044,0.038,0.025,0.044,0.038,0.025,0.044,0.044,0.025,0.038,0.044,0.038,0.025,0.044,0.050,0.025,0.038,0.050,0.038,0.025,0.044,0.050,0.031,0.031,0.044,0.044,0.031,0.038,A,,,20171228004449,
300,20171228,0.050,0.081,0.069,0.069,0.038,0.031,0.044,0.044,0.025,0.038,0.050,0.038,0.025,0.044,0.044,0.031,0.031,0.044,0.044,0.025,0.044,0.044,0.031,0.031,0.050,0.044,0.031,0.038,0.044,0.038,0.031,0.044,0.044,0.038,0.031,0.044,0.050,0.025,0.038,0.044,0.044,0.025,0.038,0.050,0.031,0.025,0.050,0.038,A,,,20171229003817,
300,20171229,0.025,0.044,0.044,0.031,0.031,0.044,0.038,0.025,0.044,0.044,0.025,0.038,0.044,0.031,0.031,0.044,0.038,0.025,0.044,0.044,0.025,0.038,0.044,0.031,0.031,0.050,0.038,0.025,0.044,0.044,0.025,0.038,0.044,0.038,0.025,0.044,0.044,0.025,0.038,0.044,0.031,0.031,0.044,0.031,0.031,0.044,0.038,0.025,A,,,20171230012115,
300,20171230,0.044,0.038,0.025,0.044,0.038,0.025,0.044,0.038,0.019,0.044,0.038,0.025,0.044,0.031,0.025,0.044,0.081,0.075,0.050,0.044,0.025,0.031,0.044,0.031,0.031,0.044,0.038,0.025,0.044,0.038,0.025,0.044,0.044,0.019,0.044,0.044,0.019,0.038,0.044,0.031,0.031,0.044,0.025,0.031,0.044,0.025,0.038,0.044,A,,,20171231161145,
300,20171231,0.019,0.038,0.038,0.025,0.044,0.031,0.025,0.044,0.019,0.038,0.038,0.025,0.044,0.019,0.038,0.038,0.025,0.038,0.031,0.031,0.044,0.025,0.038,0.038,0.025,0.038,0.044,0.019,0.044,0.044,0.019,0.056,1.131,1.138,1.213,1.225,1.256,1.194,1.256,1.231,1.269,1.294,1.300,1.350,1.388,1.419,1.431,0.244,A,,,20180101092040,
300,20180101,0.063,0.056,0.050,0.038,0.050,0.025,0.038,0.038,0.025,0.050,0.013,0.050,0.131,0.025,0.163,0.031,0.044,0.031,0.613,1.194,1.150,1.569,1.244,1.163,1.119,1.369,1.188,1.538,1.181,1.231,1.119,1.106,1.306,1.275,0.306,0.175,0.306,0.100,0.075,0.550,1.256,1.288,1.288,1.244,1.288,1.300,1.313,1.394,A,,,20180102003801,
300,20180102,1.431,1.413,0.169,0.550,0.625,0.631,0.613,0.519,0.494,0.450,0.438,0.713,0.606,1.150,1.281,1.731,1.300,1.288,1.269,1.213,1.200,1.213,1.169,1.163,1.738,1.981,1.863,1.150,1.125,1.188,1.188,1.569,1.288,1.244,1.606,0.731,0.731,0.344,0.069,0.075,0.050,0.075,0.075,0.056,0.050,0.044,0.044,0.081,A,,,20180103003720,
300,20180103,0.056,0.075,0.063,0.038,0.056,0.025,0.063,0.081,0.069,0.038,0.044,0.206,0.063,0.150,0.069,0.056,0.050,0.075,0.088,0.056,0.050,0.056,0.050,0.056,0.044,0.031,0.050,0.025,0.294,0.075,0.038,0.056,0.069,0.081,0.150,0.100,0.081,0.094,0.075,0.806,1.925,0.731,0.044,0.056,0.031,0.069,0.088,0.056,A,,,20180104003822,
300,20180104,0.081,0.050,0.025,0.044,0.025,0.044,0.038,0.025,0.050,0.194,0.050,0.038,0.113,0.100,0.050,0.044,0.050,0.013,0.050,0.031,0.031,0.044,0.031,0.050,0.075,0.031,0.050,0.038,0.106,0.144,0.125,0.075,0.075,0.088,0.056,0.050,0.038,0.038,1.119,1.231,1.244,1.275,1.281,1.369,1.325,1.388,1.419,0.963,A,,,20180105004335,
300,20180105,0.663,1.088,0.538,0.550,0.688,0.313,0.431,0.831,0.113,0.519,0.188,0.038,0.113,0.075,0.069,0.044,0.044,0.038,0.031,0.044,0.031,0.031,0.044,0.025,0.038,0.050,0.019,0.044,0.044,0.019,0.044,0.044,0.019,0.056,0.238,0.200,0.131,0.781,0.763,0.894,1.300,1.163,1.144,1.150,1.150,1.169,1.200,1.213,A,,,20180106003549,
300,20180106,1.200,1.231,1.250,1.231,1.275,1.306,1.306,1.356,1.288,1.319,0.719,0.706,1.406,1.325,0.638,1.481,0.913,1.113,1.100,1.088,1.075,1.081,1.050,1.038,1.019,0.844,0.806,0.856,0.831,0.806,0.800,0.794,0.744,0.850,1.094,1.206,1.188,1.150,1.131,1.150,1.163,1.150,1.125,1.150,1.163,1.181,1.169,1.194,A,,,20180107004216,
300,20180107,1.169,1.188,1.200,1.188,1.206,1.213,1.206,1.238,1.238,1.244,1.244,1.256,1.213,0.069,0.038,0.056,0.225,0.313,0.094,0.850,0.806,0.569,1.000,0.575,0.506,0.081,0.744,0.869,0.681,0.363,0.088,0.081,0.069,0.044,0.038,0.056,0.044,0.050,0.588,0.156,0.894,1.631,0.925,0.463,0.063,0.044,0.044,0.056,A,,,20180108004052,
300,20180108,0.069,0.094,0.088,0.069,0.050,0.050,0.031,0.044,0.050,0.025,0.588,0.631,0.544,0.225,0.075,0.044,0.031,0.044,0.050,0.025,0.050,0.056,0.056,0.069,0.081,0.094,0.063,0.044,0.031,0.056,0.044,0.044,0.056,0.094,0.288,0.131,0.081,0.100,0.081,0.069,0.075,0.044,0.038,0.063,0.094,0.038,0.050,0.063,A,,,20180109003731,
300,20180109,0.044,0.081,0.056,0.044,0.056,0.025,0.050,0.031,0.044,0.044,0.131,0.081,0.213,0.138,0.075,0.069,0.056,0.044,0.025,0.044,0.038,0.025,0.050,0.031,0.038,0.044,0.019,0.044,0.038,0.031,0.044,0.025,0.063,0.094,0.169,0.869,0.163,0.075,0.594,0.688,0.056,0.075,0.069,0.044,0.056,0.025,0.075,0.069,A,,,20180110003845,
300,20180110,0.088,0.075,0.069,0.038,0.025,0.050,0.019,0.044,0.019,0.044,0.019,0.200,0.106,0.075,0.100,0.050,0.031,0.038,0.044,0.025,0.044,0.044,0.025,0.050,0.044,0.044,0.038,0.088,0.069,0.063,0.088,0.075,0.081,0.106,0.069,0.100,0.106,0.106,0.938,1.256,1.231,1.200,1.556,1.275,1.238,1.250,1.225,1.250,A,,,20180111003515,
300,20180111,1.256,1.263,1.263,1.338,1.394,1.463,1.544,1.506,1.500,1.500,1.481,0.494,0.106,0.238,0.106,0.800,0.856,1.200,1.194,1.150,1.150,1.113,1.138,1.256,1.119,1.119,1.075,0.950,0.944,0.931,0.969,0.969,1.025,0.956,0.969,1.106,1.013,1.025,1.044,1.088,1.125,1.094,1.119,1.163,1.144,1.156,1.144,1.131,A,,,20180112003732,
300,20180112,1.150,1.163,1.144,1.169,1.169,1.181,1.206,1.188,1.213,1.225,1.238,1.188,1.181,1.244,1.331,1.219,1.194,1.169,1.125,1.088,1.144,1.106,1.144,1.125,1.425,1.906,1.463,1.169,1.131,1.169,1.163,1.194,1.206,0.844,0.781,0.575,1.369,0.606,0.600,0.613,0.788,0.763,0.875,0.138,0.469,0.319,0.269,0.419,A,,,20180113003625,
300,20180113,0.425,0.431,0.413,0.156,0.400,0.344,0.138,0.231,0.300,0.288,0.225,0.313,0.094,0.313,0.444,0.906,0.413,0.619,0.588,0.913,1.613,1.294,1.713,1.725,1.719,0.769,0.513,0.225,0.344,0.419,0.375,0.388,0.644,0.744,0.369,2.125,1.731,0.850,1.106,0.681,0.069,0.156,0.106,0.075,0.200,0.106,0.094,0.088,A,,,20180114003518,
300,20180114,0.056,0.075,0.063,0.038,0.044,0.031,0.038,0.038,0.025,0.044,0.100,0.056,0.031,0.056,0.131,0.031,0.056,0.025,0.438,0.088,0.131,0.069,0.038,0.050,0.025,0.044,0.044,0.031,0.044,0.031,0.038,0.050,0.019,0.056,0.069,0.063,0.163,0.063,0.188,0.269,0.781,0.519,0.713,0.544,0.556,0.075,0.081,0.119,A,,,20180115003455,
300,20180115,0.038,0.144,0.031,0.056,0.050,0.056,0.044,0.031,0.038,0.025,0.044,0.125,0.150,0.144,0.125,0.056,0.031,0.031,0.038,0.025,0.044,0.013,0.050,0.013,0.050,0.025,0.038,0.031,0.031,0.044,0.019,0.044,0.025,0.075,0.413,0.888,0.169,0.063,0.075,0.081,0.031,0.044,0.050,0.025,0.050,0.025,0.044,0.038,V,,,20180116003550,
400,1,29,A,,
400,30,30,A,79,
400,31,48,A,,
300,20180116,0.031,0.044,0.019,0.050,0.025,0.044,0.031,0.038,0.038,0.025,0.044,0.144,0.113,0.075,0.069,0.038,0.063,0.056,0.025,0.050,0.019,0.044,0.031,0.038,0.038,0.031,0.044,0.025,0.044,0.038,0.031,0.050,0.019,0.069,0.050,0.063,0.075,0.044,0.056,0.038,0.044,0.138,0.094,0.075,0.075,0.044,0.050,0.038,A,,,20180117003439,
300,20180117,0.031,0.044,0.019,0.050,0.019,0.150,0.025,0.044,0.019,0.044,0.019,0.119,0.038,0.181,0.031,0.063,0.100,0.031,0.038,0.050,0.025,0.038,0.050,0.025,0.038,0.044,0.019,0.050,0.031,0.031,0.044,0.025,0.044,0.288,1.131,1.313,1.888,1.300,1.138,1.138,1.163,1.144,1.175,1.188,1.250,1.256,1.263,0.888,A,,,20180118003809,
300,20180118,0.569,0.888,1.244,1.138,0.113,1.100,0.294,0.375,0.294,0.325,0.456,0.431,0.344,0.588,0.913,1.213,1.194,1.150,1.138,1.125,1.069,1.081,1.094,1.044,0.981,0.875,0.813,0.825,0.813,0.863,0.775,0.494,0.588,0.531,0.450,0.625,0.563,0.631,0.694,0.819,0.894,1.019,1.050,1.044,1.069,1.050,1.069,1.088,A,,,20180119011032,
300,20180119,1.075,1.119,1.113,1.131,1.144,1.144,1.169,1.156,1.200,1.194,1.331,1.350,1.219,1.219,1.119,1.150,1.125,1.069,1.056,1.044,1.006,1.019,1.013,0.956,0.888,0.844,0.963,1.031,1.025,0.969,1.006,0.994,0.994,1.013,1.025,1.038,0.194,0.063,0.075,0.081,0.069,0.081,0.063,0.038,0.056,0.019,0.044,0.044,A,,,20180120003440,
300,20180120,0.025,0.044,0.031,0.038,0.044,0.019,0.050,0.031,0.031,0.044,0.138,0.031,0.050,0.125,0.038,0.050,0.525,0.869,0.256,0.038,0.063,0.050,0.031,0.050,0.044,0.031,0.050,0.044,0.031,0.050,0.044,0.025,0.056,0.044,0.025,0.050,0.044,0.063,0.625,0.638,0.638,0.875,0.806,0.619,0.088,0.069,0.063,0.044,A,,,20180121003725,
300,20180121,0.038,0.044,0.050,0.031,0.038,0.050,0.031,0.038,0.050,0.025,0.119,0.056,0.156,0.175,0.056,0.031,0.444,1.106,1.075,1.125,1.069,1.431,1.169,1.163,1.494,1.450,1.131,1.163,1.344,1.319,1.088,1.094,1.081,1.075,1.144,1.088,1.138,1.244,1.444,1.319,1.206,1.975,1.831,1.531,1.131,1.100,1.100,1.113,A,,,20180122003940,
300,20180122,1.125,1.175,1.169,1.181,1.206,1.188,1.213,1.219,1.225,1.238,1.300,1.238,1.238,1.325,0.981,0.125,0.106,0.125,0.438,0.481,1.006,1.106,1.100,0.088,0.044,0.025,0.050,0.044,0.025,0.050,0.044,0.031,0.050,0.056,0.200,0.169,0.800,0.444,0.075,0.069,0.044,0.069,0.075,0.075,0.044,0.044,0.031,0.038,A,,,20180123003420,
300,20180123,0.050,0.019,0.044,0.038,0.025,0.050,0.025,0.038,0.044,0.019,0.169,0.100,0.081,0.044,0.050,0.044,0.025,0.050,0.038,0.025,0.050,0.038,0.025,0.044,0.044,0.019,0.050,0.038,0.031,0.044,0.050,0.831,0.225,0.081,0.069,0.069,0.081,0.925,1.300,0.469,0.044,0.063,0.038,0.031,0.050,0.019,0.050,0.031,V,,,20180124011624,
400,1,1,A,,
400,2,2,A,79,
400,3,48,A,,
300,20180124,0.038,0.038,0.031,0.044,0.025,0.044,0.019,0.088,0.156,0.100,0.075,0.163,0.075,0.044,0.031,0.056,0.019,0.056,0.031,0.044,0.031,0.031,0.044,0.019,0.050,0.031,0.031,0.050,0.019,0.044,0.038,0.031,0.063,0.369,1.225,1.150,1.150,1.163,1.163,1.194,1.269,1.256,1.250,1.250,1.244,1.269,1.244,1.288,A,,,20180125003522,
300,20180125,1.275,0.500,0.963,0.450,0.894,0.206,0.481,0.363,0.525,0.613,0.631,0.463,0.444,0.388,0.519,0.713,0.575,0.975,1.194,1.169,1.163,1.138,1.144,0.069,0.044,0.025,0.044,0.031,0.031,0.050,0.019,0.050,0.038,0.031,0.056,0.775,1.113,1.169,1.900,1.581,1.138,1.131,1.144,1.106,1.175,1.163,1.194,1.188,A,,,20180126003543,
300,20180126,1.213,1.219,1.225,1.238,0.856,0.813,0.750,0.788,0.669,0.750,0.963,0.856,0.656,0.900,1.250,0.556,1.200,1.200,1.175,1.169,1.156,1.100,1.081,0.081,0.406,1.063,1.069,1.144,1.094,1.044,1.100,1.138,1.144,1.144,1.181,1.188,1.181,1.300,1.206,1.200,1.188,1.238,1.231,1.238,1.219,1.075,1.206,1.225,A,,,20180127012826,
300,20180127,1.038,0.950,0.975,0.956,0.956,0.931,0.900,0.863,0.644,1.125,0.719,0.788,0.919,0.944,0.850,1.569,1.050,1.231,2.100,1.631,1.644,1.250,1.094,1.081,1.044,1.094,1.081,1.075,1.294,1.325,0.956,0.975,0.994,1.069,1.488,1.175,1.100,1.100,1.094,1.088,1.425,1.619,1.244,1.069,1.038,1.063,1.125,1.113,A,,,20180128003552,
300,20180128,1.144,1.119,1.125,1.156,1.213,1.194,1.025,0.781,0.563,0.725,1.125,1.150,1.306,0.831,1.150,1.069,1.050,1.063,1.038,1.050,1.025,1.025,0.981,0.894,0.869,0.869,0.888,0.881,0.844,0.794,0.775,0.763,0.775,0.831,0.881,0.919,1.069,1.006,1.069,1.025,1.013,1.019,1.044,1.031,1.038,1.013,1.025,1.044,A,,,20180129021539,
300,20180129,1.025,1.063,1.094,1.088,1.088,1.056,1.069,1.088,1.075,1.075,1.213,1.669,1.613,1.094,1.075,0.200,0.044,0.050,0.038,0.038,0.050,0.044,0.031,0.919,1.000,0.981,1.006,1.044,1.031,1.031,1.044,0.050,0.069,0.188,0.206,0.088,0.531,1.075,1.094,1.119,1.131,1.144,1.144,1.138,1.175,1.181,1.188,0.931,A,,,20180130011324,
300,20180130,0.700,0.663,0.956,0.525,0.525,0.463,0.481,0.425,0.456,0.425,0.594,0.419,0.338,0.538,0.263,0.025,0.044,0.019,0.050,0.025,0.038,0.038,0.031,1.169,0.581,0.700,0.638,0.931,0.544,0.594,0.644,0.413,0.088,0.163,0.063,0.081,0.094,0.744,0.488,0.044,0.025,0.044,0.044,0.019,0.044,0.031,0.038,0.044,A,,,20180131003835,
300,20180131,0.019,0.044,0.031,0.038,0.038,0.025,0.044,0.025,0.044,0.031,0.031,0.044,0.019,0.169,0.050,0.081,0.038,0.038,0.044,0.031,0.050,0.019,0.050,0.500,0.431,0.631,0.413,0.438,0.400,0.563,0.500,0.381,0.381,0.375,0.388,0.350,0.181,0.069,0.056,0.075,0.031,0.038,0.031,0.031,0.044,0.025,0.044,0.019,A,,,20180201003547,
300,20180201,0.044,0.019,0.044,0.025,0.038,0.025,0.044,0.025,0.038,0.025,0.063,0.081,0.156,0.063,0.075,0.031,0.050,0.019,0.044,0.019,0.044,0.025,0.038,1.019,0.644,0.869,0.738,0.644,0.813,0.850,0.563,0.550,0.788,0.531,0.088,0.063,0.063,0.081,0.063,0.031,0.044,0.025,0.044,0.031,0.031,0.044,0.019,0.044,A,,,20180202022259,
300,20180202,0.019,0.044,0.025,0.038,0.038,0.031,0.038,0.025,0.044,0.019,0.044,0.019,0.044,0.144,0.044,0.050,0.025,0.044,0.019,0.044,0.025,0.044,0.038,1.094,1.131,1.100,1.144,1.131,1.163,0.956,1.081,0.819,0.669,0.638,0.656,0.550,0.588,0.450,0.513,0.431,0.050,0.031,0.031,0.044,0.025,0.044,0.019,0.044,A,,,20180203031142,
300,20180203,0.031,0.031,0.044,0.019,0.050,0.013,0.050,0.025,0.038,0.038,0.025,0.044,0.019,0.144,0.056,0.063,0.088,0.094,0.619,0.094,0.050,0.044,0.056,1.025,1.100,1.088,1.094,1.106,1.069,1.088,1.075,1.081,1.100,1.094,0.450,0.088,0.063,0.000,0.000,0.063,0.050,0.000,0.063,0.063,0.038,0.056,0.044,0.025,V,,,20180204023737,
400,1,36,A,,
400,37,42,A,79,
400,43,48,A,,
300,20180204,0.081,0.063,0.069,0.038,0.050,0.038,0.025,0.050,0.025,0.038,0.038,0.025,0.050,0.019,0.094,0.038,0.025,0.050,0.025,0.038,0.044,1.150,1.531,1.138,1.113,1.850,0.756,0.606,0.825,0.331,0.213,0.463,0.425,0.075,0.081,0.313,0.325,0.075,0.088,0.300,1.100,1.144,1.138,1.188,1.175,1.188,1.219,1.213,A,,,20180205011625,
300,20180205,1.250,1.225,1.288,0.556,0.656,0.556,0.694,0.625,0.363,0.575,0.525,0.425,0.438,0.481,0.706,0.606,0.494,0.056,0.038,0.050,0.044,0.038,0.056,1.013,1.113,1.094,1.106,1.113,1.088,1.119,1.075,1.113,0.406,0.100,0.613,0.738,0.163,0.081,0.063,0.069,0.050,0.025,0.050,0.038,0.038,0.050,0.063,0.056,A,,,20180206021332,
300,20180206,0.031,0.038,0.050,0.025,0.050,0.038,0.038,0.050,0.019,0.050,0.038,0.038,0.050,0.156,0.763,1.156,1.169,0.138,0.019,0.050,0.044,0.031,0.056,1.056,1.106,1.131,1.094,1.081,1.094,1.063,1.063,1.269,1.469,1.213,1.425,1.188,1.163,1.125,1.113,1.138,1.131,1.113,1.150,1.156,1.156,1.163,1.156,1.175,A,,,20180207012217,
300,20180207,1.213,0.531,0.606,0.550,0.588,0.481,0.481,0.438,1.288,0.475,0.900,0.175,0.631,0.625,0.919,1.169,1.125,1.125,1.088,1.075,1.069,1.044,1.081,1.094,1.081,1.081,1.025,1.038,1.025,0.981,0.944,0.819,1.044,1.119,1.113,1.113,1.106,1.081,1.081,1.113,1.056,1.075,1.100,1.088,1.119,1.138,1.119,1.150,A,,,20180208012151,
300,20180208,1.169,1.150,1.156,1.156,1.175,1.213,1.181,0.731,0.619,1.150,0.631,0.763,1.025,0.700,1.150,1.175,1.188,1.188,1.181,0.800,1.175,1.150,1.144,1.094,1.106,1.088,1.081,1.106,1.075,1.113,1.106,1.106,1.144,1.525,1.213,1.213,1.438,1.219,1.163,1.169,1.056,0.819,0.681,0.981,0.781,0.856,0.800,0.638,A,,,20180209035349,
300,20180209,0.719,0.300,1.156,0.125,0.888,0.288,0.669,0.375,0.994,0.325,0.606,0.525,0.575,0.875,0.413,0.831,0.638,1.444,1.431,1.106,0.538,0.594,0.988,1.256,0.419,1.125,1.081,1.094,1.094,1.075,1.100,1.069,1.131,1.125,1.169,1.188,1.169,1.150,1.175,0.850,0.844,0.781,1.169,0.306,1.075,0.119,0.625,0.431,A,,,20180210011140,
300,20180210,0.225,0.519,0.425,0.450,0.438,0.313,0.206,0.425,0.344,0.406,0.375,0.250,0.444,0.513,0.550,0.775,1.100,1.125,1.106,1.163,1.144,1.181,0.981,0.963,0.413,1.138,0.600,1.131,0.700,1.131,0.469,0.481,0.156,0.988,1.013,0.813,0.338,0.150,0.150,0.475,0.169,0.500,0.538,0.619,0.138,0.056,0.031,0.050,A,,,20180211010830,
300,20180211,0.038,0.044,0.050,0.025,0.056,0.100,0.069,0.069,0.038,0.031,0.175,0.063,0.169,0.531,0.188,0.156,1.463,1.281,0.606,0.169,0.169,0.419,0.050,1.150,1.431,0.988,0.613,0.681,0.956,0.406,0.038,0.063,0.081,0.063,0.081,0.050,0.094,0.056,0.081,0.050,0.038,0.038,0.038,0.044,0.031,0.044,0.031,0.044,A,,,20180212012739,
300,20180212,0.031,0.050,0.025,0.050,0.031,0.044,0.031,0.044,0.031,0.044,0.031,0.044,0.031,0.038,0.150,0.069,0.056,0.050,0.025,0.056,0.025,0.056,0.025,1.138,1.100,1.131,1.088,1.131,1.106,1.150,1.131,1.175,1.175,0.406,0.038,0.144,0.119,0.119,0.100,0.069,0.031,0.056,0.031,0.044,0.038,0.038,0.031,0.050,A,,,20180213025422,
300,20180213,0.025,0.050,0.025,0.050,0.025,0.056,0.019,0.056,0.156,0.075,0.025,0.050,0.025,0.044,0.125,0.038,0.056,0.031,0.056,0.031,0.050,0.031,0.050,1.050,1.100,1.094,1.113,1.106,1.100,1.113,1.113,1.131,1.150,1.156,1.138,1.169,1.719,1.169,0.100,0.100,0.063,0.038,0.044,0.044,0.031,0.050,0.031,0.050,A,,,20180214003913,
300,20180214,0.025,0.056,0.025,0.056,0.025,0.050,0.038,0.044,0.038,0.038,0.044,0.038,0.244,0.063,0.050,0.025,0.056,0.019,0.056,0.031,0.050,0.038,0.044,1.138,1.156,1.150,1.131,1.125,1.156,0.375,0.088,0.075,0.094,0.144,0.081,0.056,0.081,0.056,0.081,0.056,0.056,0.025,0.050,0.025,0.050,0.031,0.044,0.025,A,,,20180215040321,
300,20180215,0.050,0.031,0.044,0.031,0.044,0.025,0.050,0.025,0.050,0.025,0.050,0.131,0.088,0.050,0.056,0.025,0.050,0.025,0.050,0.025,0.050,0.031,0.050,1.038,1.131,1.144,1.175,1.156,1.163,1.181,1.200,0.950,0.750,0.094,0.088,0.088,0.063,0.069,0.019,0.056,0.019,0.088,0.025,0.050,0.031,0.044,0.031,0.044,A,,,20180216003923,
300,20180216,0.031,0.044,0.038,0.038,0.044,0.031,0.044,0.038,0.044,0.031,0.044,0.038,0.038,0.181,0.056,0.031,0.056,0.031,0.063,0.025,0.063,0.025,0.050,1.138,1.150,1.206,0.325,0.019,0.056,0.025,0.056,0.031,0.088,0.119,0.094,0.081,0.125,0.050,0.025,0.031,0.050,0.019,0.056,0.025,0.050,0.025,0.056,0.019,A,,,20180217010832,
300,20180217,0.044,0.031,0.044,0.038,0.031,0.044,0.025,0.050,0.025,0.056,0.019,0.044,0.031,0.031,0.050,0.019,0.056,0.019,0.169,0.025,0.050,0.038,0.444,1.169,1.175,1.119,1.144,1.119,1.150,1.119,1.163,1.125,1.163,1.169,1.650,0.919,0.750,1.256,0.994,0.950,0.881,0.488,0.050,0.031,0.044,0.038,0.038,0.044,A,,,20180218011303,
300,20180218,0.031,0.044,0.031,0.056,0.025,0.056,0.019,0.056,0.025,0.050,0.031,0.038,0.044,0.150,0.088,0.031,0.044,0.031,0.256,0.263,0.150,1.131,0.431,0.038,0.056,0.025,0.056,0.050,0.388,0.063,0.138,0.075,0.081,0.050,0.125,0.119,0.113,0.100,0.100,0.088,0.063,0.056,0.044,0.050,0.044,0.044,0.044,0.038,A,,,20180219030940,
300,20180219,0.050,0.038,0.050,0.031,0.056,0.025,0.063,0.025,0.063,0.031,0.125,0.094,0.131,0.044,0.063,0.038,0.056,0.038,0.044,0.044,0.031,0.050,0.025,0.056,0.025,0.056,0.025,0.056,0.025,0.156,0.038,0.063,0.219,0.063,0.081,0.075,0.100,0.231,0.106,0.088,0.075,0.063,0.056,0.038,0.063,0.031,0.056,0.025,A,,,20180220003842,
300,20180220,0.056,0.031,0.050,0.038,0.044,0.044,0.031,0.056,0.025,0.063,0.025,0.175,0.113,0.031,0.056,0.088,0.056,0.031,0.050,0.025,0.056,0.025,0.056,0.025,0.056,0.025,0.063,0.019,0.063,0.025,0.056,0.031,0.688,1.150,1.144,1.138,1.163,1.181,1.194,1.313,1.200,1.188,1.219,1.206,1.250,1.238,1.281,1.275,A,,,20180221013513,
300,20180221,1.331,1.288,1.350,1.350,1.363,1.406,1.394,1.188,1.038,0.731,0.781,0.588,0.806,0.825,0.106,0.075,0.025,0.444,0.781,0.200,0.038,0.175,0.056,0.088,0.044,0.063,0.025,0.056,0.025,0.056,0.025,0.063,0.025,0.069,1.106,1.238,1.219,1.181,1.213,1.194,0.544,0.025,0.050,0.025,0.050,0.025,0.056,0.019,A,,,20180222020859,
300,20180222,0.056,0.019,0.056,0.025,0.050,0.031,0.044,0.038,0.044,0.038,0.038,0.044,0.125,0.100,0.038,0.056,0.019,0.056,0.019,0.063,0.025,0.050,0.138,0.038,0.056,0.088,0.544,1.044,1.069,1.075,1.075,1.119,1.106,1.175,1.163,1.150,1.163,1.169,1.238,1.169,0.188,0.031,0.050,0.031,0.056,0.019,0.056,0.025,A,,,20180223003457,
300,20180223,0.056,0.031,0.044,0.044,0.038,0.044,0.031,0.056,0.025,0.056,0.019,0.056,0.025,0.069,0.256,0.194,0.800,0.213,0.056,0.031,0.050,0.038,0.081,0.050,0.031,0.056,0.019,0.056,0.613,1.138,1.056,1.063,1.094,1.094,1.113,1.113,1.106,1.144,1.100,1.075,1.081,1.069,1.100,1.094,1.144,1.119,1.150,1.131,A,,,20180224004106,
300,20180224,1.163,1.138,1.175,1.144,1.175,1.150,1.194,1.156,1.206,1.169,1.206,1.288,0.800,0.075,0.050,0.044,0.038,0.075,0.444,0.106,0.106,0.069,0.075,0.050,0.056,0.025,0.063,0.388,0.113,0.106,0.156,0.063,0.438,0.131,0.344,0.806,1.188,0.925,0.413,0.069,0.069,0.038,0.050,0.056,0.025,0.056,0.038,0.044,A,,,20180225004244,
300,20180225,0.050,0.031,0.056,0.019,0.056,0.025,0.056,0.025,0.056,0.019,0.056,0.025,0.344,0.331,0.163,0.519,2.075,0.975,0.744,0.400,0.506,0.469,0.094,0.069,0.838,0.381,0.438,0.681,0.638,0.531,0.300,0.063,0.313,0.281,0.363,1.131,0.925,0.731,0.538,0.088,0.069,0.031,0.063,0.025,0.063,0.025,0.056,0.031,A,,,20180226030910,
300,20180226,0.050,0.031,0.050,0.038,0.044,0.044,0.031,0.056,0.025,0.063,0.156,0.113,0.069,0.050,0.031,0.044,0.025,0.056,0.019,0.056,0.094,0.075,0.069,0.025,0.056,0.025,0.056,0.025,0.056,0.031,0.050,0.038,0.044,0.069,0.081,0.544,0.725,0.106,0.113,0.088,0.094,0.031,0.094,0.044,0.063,0.056,0.038,0.063,A,,,20180227004900,
300,20180227,0.050,0.044,0.063,0.031,0.050,0.050,0.038,0.056,0.031,0.056,0.144,0.138,0.125,0.056,0.025,0.056,0.025,0.056,0.019,0.063,0.019,0.056,0.025,0.056,0.025,0.056,0.025,0.056,0.025,0.056,0.025,0.056,0.031,0.863,1.075,1.131,1.156,1.113,1.150,1.150,1.138,1.156,1.156,1.188,1.163,1.175,1.181,1.219,A,,,20180228005508,
300,20180228,1.225,1.244,1.250,1.256,1.275,1.238,1.275,1.244,0.056,0.019,0.056,0.025,0.181,0.081,0.069,0.044,0.044,0.056,0.025,0.056,0.038,0.050,0.050,0.038,0.056,0.025,0.063,0.038,0.050,0.050,0.038,0.056,0.025,0.056,0.031,0.931,0.256,0.075,0.188,0.094,0.075,0.025,0.056,0.038,0.044,0.038,0.044,0.038,A,,,20180301005856,
300,20180301,0.038,0.044,0.075,0.081,0.075,0.050,0.038,0.044,0.031,0.175,0.063,0.144,0.119,0.044,0.081,0.063,0.063,0.031,0.063,0.025,0.056,0.031,0.044,0.038,0.038,0.044,0.031,0.044,0.031,0.050,0.025,0.056,0.025,0.056,0.019,0.056,0.075,0.219,0.588,0.719,0.131,0.144,0.050,0.063,0.038,0.050,0.038,0.056,A,,,20180302011959,
300,20180302,0.031,0.056,0.038,0.056,0.031,0.125,0.031,0.063,0.025,0.063,0.031,0.150,0.144,0.069,0.069,0.031,0.063,0.025,0.056,0.038,0.038,0.050,0.025,0.056,0.025,0.050,0.038,0.063,0.088,0.075,0.063,0.038,0.050,0.056,0.025,0.050,0.031,0.050,0.031,0.056,0.038,0.038,0.050,0.031,0.050,0.025,0.050,0.031,A,,,20180303004252,
300,20180303,0.044,0.031,0.044,0.031,0.044,0.038,0.038,0.038,0.031,0.044,0.163,0.113,0.081,0.175,0.075,0.063,0.044,0.044,0.050,0.031,0.063,0.031,0.063,0.025,0.063,0.031,0.056,0.044,0.044,0.063,0.025,0.056,0.044,0.050,0.181,0.175,0.438,0.594,0.788,0.469,0.150,0.838,1.025,0.419,0.056,0.056,0.044,0.056,A,,,20180304003832,
300,20180304,0.031,0.063,0.025,0.063,0.038,0.050,0.044,0.050,0.044,0.044,0.144,0.063,0.081,0.188,1.106,0.375,0.119,0.106,0.138,0.400,0.100,0.081,0.050,0.075,0.394,0.219,0.488,0.206,0.856,0.813,0.681,1.019,0.881,0.669,0.100,0.463,1.269,0.956,1.888,1.406,0.713,0.975,0.850,0.538,0.069,0.025,0.056,0.031,A,,,20180305003919,
300,20180305,0.056,0.025,0.056,0.038,0.044,0.044,0.038,0.044,0.038,0.044,0.181,0.150,0.031,0.031,0.031,0.038,0.038,0.031,0.031,0.038,0.038,0.031,0.038,0.031,0.044,0.031,0.044,0.025,0.050,0.025,0.050,0.019,0.050,0.200,0.188,0.100,0.119,0.100,0.100,0.056,0.100,0.069,0.088,0.056,0.050,0.031,0.044,0.038,A,,,20180306005250,
300,20180306,0.044,0.031,0.050,0.031,0.050,0.031,0.050,0.025,0.056,0.025,0.200,0.081,0.200,0.131,0.056,0.038,0.031,0.050,0.031,0.038,0.044,0.025,0.044,0.025,0.050,0.038,0.031,0.050,0.025,0.050,0.025,0.044,0.038,0.031,0.094,0.063,0.094,0.206,0.075,0.106,0.119,0.063,0.031,0.044,0.038,0.031,0.050,0.025,A,,,20180307004221,
300,20180307,0.050,0.019,0.050,0.025,0.044,0.025,0.194,0.100,0.138,0.081,0.056,0.044,0.119,0.081,0.056,0.056,0.031,0.038,0.031,0.038,0.044,0.031,0.044,0.025,0.056,0.019,0.056,0.019,0.050,0.038,0.038,0.050,0.038,0.081,0.144,0.119,0.113,0.106,0.069,0.075,0.050,0.025,0.050,0.019,0.050,0.025,0.044,0.038,A,,,20180308004105,
300,20180308,0.031,0.044,0.025,0.050,0.019,0.044,0.019,0.050,0.019,0.050,0.019,0.050,0.019,0.050,0.150,0.619,0.613,0.050,0.038,0.038,0.044,0.031,0.050,0.019,0.050,0.025,0.044,0.044,0.031,0.050,0.025,0.050,0.038,0.063,0.063,0.025,0.069,0.069,0.081,0.075,0.031,0.063,0.031,0.044,0.044,0.025,0.050,0.038,A,,,20180309003542,
300,20180309,0.038,0.044,0.031,0.131,0.025,0.050,0.019,0.050,0.025,0.206,0.106,0.063,0.056,0.125,0.081,0.044,0.050,0.019,0.050,0.031,0.038,0.044,0.025,0.050,0.019,0.050,0.038,0.031,0.050,0.088,0.063,0.075,0.031,0.050,0.206,0.106,0.075,0.044,0.056,0.025,0.050,0.038,0.038,0.044,0.025,0.050,0.019,0.050,V,,,20180310003219,
400,1,4,A,,
400,5,5,A,89,
400,6,48,A,,
300,20180310,0.025,0.044,0.025,0.044,0.025,0.044,0.025,0.044,0.025,0.044,0.156,0.038,0.063,0.288,0.369,0.106,0.088,0.456,0.088,0.075,0.025,0.050,0.031,0.044,0.044,0.031,0.056,0.025,0.050,0.044,0.038,0.050,0.031,0.044,0.150,0.325,1.788,1.513,0.563,0.094,0.081,0.075,0.069,0.063,0.050,0.038,0.063,0.044,A,,,20180311005100,
300,20180311,0.038,0.063,0.031,0.044,0.050,0.025,0.056,0.050,0.038,0.063,0.125,0.119,0.700,0.469,0.563,0.181,0.175,0.206,0.231,0.250,0.125,0.256,0.119,0.119,0.125,0.119,0.163,0.819,1.025,0.094,0.238,0.113,0.069,0.050,0.200,0.044,0.175,0.081,0.088,0.075,0.038,0.044,0.063,0.044,0.031,0.056,0.044,0.025,A,,,20180312004057,
300,20180312,0.050,0.044,0.025,0.050,0.100,0.069,0.069,0.038,0.031,0.044,0.150,0.075,0.063,0.131,0.119,0.031,0.038,0.044,0.025,0.050,0.019,0.050,0.025,0.044,0.031,0.038,0.044,0.025,0.050,0.019,0.050,0.031,0.056,0.081,0.338,0.825,0.175,0.200,0.081,0.063,0.081,0.038,0.063,0.025,0.044,0.044,0.031,0.044,A,,,20180313004416,
300,20180313,0.025,0.050,0.019,0.050,0.025,0.044,0.025,0.050,0.019,0.050,0.169,0.100,0.194,0.138,0.050,0.031,0.031,0.044,0.019,0.044,0.031,0.038,0.044,0.019,0.050,0.025,0.038,0.044,0.019,0.044,0.038,0.081,0.069,0.081,0.263,0.106,0.075,0.088,0.081,0.069,0.069,0.075,0.063,0.044,0.038,0.044,0.025,0.044,A,,,20180314004738,
300,20180314,0.031,0.031,0.044,0.025,0.044,0.019,0.050,0.125,0.094,0.075,0.100,0.163,0.138,0.050,0.025,0.044,0.019,0.050,0.019,0.044,0.019,0.050,0.019,0.050,0.019,0.050,0.025,0.044,0.031,0.031,0.044,0.025,0.044,0.019,0.050,0.156,0.056,0.075,0.088,0.250,0.063,0.025,0.044,0.019,0.044,0.025,0.038,0.025,A,,,20180315010853,
300,20180315,0.038,0.031,0.038,0.031,0.031,0.038,0.025,0.044,0.019,0.044,0.019,0.175,0.156,0.100,0.100,0.106,0.100,0.113,0.688,0.581,0.494,0.313,0.106,0.100,0.106,0.069,0.075,0.069,0.175,0.069,0.031,0.056,0.044,0.156,0.075,0.063,0.056,0.063,0.025,0.044,0.031,0.044,0.050,0.019,0.050,0.038,0.025,0.044,A,,,20180316004136,
300,20180316,0.025,0.044,0.025,0.038,0.038,0.031,0.038,0.025,0.163,0.050,0.063,0.050,0.156,0.038,0.063,0.031,0.038,0.038,0.025,0.044,0.019,0.044,0.019,0.044,0.019,0.050,0.013,0.050,0.025,0.038,0.031,0.031,0.044,0.056,0.075,0.069,0.094,0.088,0.031,0.044,0.025,0.044,0.025,0.038,0.038,0.075,0.163,0.069,A,,,20180317003945,
300,20180317,0.031,0.044,0.038,0.025,0.044,0.025,0.044,0.019,0.044,0.019,0.194,0.131,0.125,0.069,0.019,0.081,0.463,0.081,0.075,0.056,0.063,0.056,0.044,0.063,0.031,0.044,0.056,0.031,0.038,0.050,0.038,0.031,0.050,0.038,0.438,0.206,0.138,0.419,0.150,0.094,0.031,0.050,0.044,0.025,0.050,0.038,0.031,0.044,A,,,20180318012025,
300,20180318,0.038,0.031,0.050,0.031,0.031,0.050,0.038,0.031,0.163,0.113,0.106,0.188,0.663,0.706,0.256,0.131,0.244,1.031,1.138,1.594,0.400,0.463,0.669,0.650,0.869,0.844,0.500,0.144,0.056,0.063,0.250,0.481,0.113,0.281,1.181,0.475,0.356,0.806,0.956,0.188,0.050,0.056,0.050,0.025,0.050,0.038,0.038,0.050,A,,,20180319003519,
300,20180319,0.019,0.050,0.038,0.038,0.050,0.025,0.050,0.025,0.044,0.056,0.169,0.088,0.063,0.163,0.125,0.194,0.125,0.031,0.038,0.038,0.025,0.050,0.025,0.044,0.038,0.038,0.044,0.025,0.050,0.038,0.031,0.050,0.038,0.156,0.288,0.138,0.369,0.244,0.606,0.219,0.081,0.050,0.056,0.044,0.031,0.056,0.031,0.038,A,,,20180320004337,
300,20180320,0.050,0.019,0.050,0.031,0.044,0.031,0.038,0.044,0.025,0.050,0.156,0.050,0.038,0.219,0.056,0.025,0.044,0.019,0.044,0.013,0.050,0.013,0.050,0.013,0.050,0.019,0.044,0.025,0.038,0.025,0.038,0.031,0.038,0.069,0.250,0.156,0.094,0.106,0.075,0.213,0.094,0.063,0.063,0.050,0.038,0.044,0.019,0.044,A,,,20180321004453,
300,20180321,0.025,0.044,0.031,0.031,0.044,0.025,0.044,0.031,0.038,0.025,0.294,0.163,0.125,0.038,0.025,0.038,0.025,0.038,0.025,0.044,0.025,0.044,0.019,0.050,0.019,0.050,0.031,0.038,0.044,0.025,0.050,0.025,0.050,0.256,0.619,0.194,0.325,0.194,0.681,0.275,0.075,0.044,0.031,0.044,0.044,0.025,0.050,0.019,A,,,20180322003744,
300,20180322,0.044,0.038,0.025,0.050,0.081,0.069,0.056,0.038,0.025,0.163,0.056,0.094,0.069,0.169,0.069,0.069,0.038,0.069,0.050,0.063,0.038,0.069,0.031,0.056,0.025,0.063,0.044,0.038,0.050,0.031,0.725,0.181,0.125,0.125,0.069,0.081,0.069,0.063,0.081,0.063,0.088,0.119,0.050,0.056,0.050,0.025,0.044,0.038,A,,,20180323004444,
300,20180323,0.031,0.050,0.019,0.050,0.025,0.038,0.038,0.031,0.069,0.194,0.100,0.069,0.100,0.181,0.088,0.044,0.031,0.038,0.038,0.025,0.044,0.019,0.050,0.019,0.044,0.038,0.031,0.044,0.019,0.050,0.031,0.038,0.044,0.106,0.600,0.606,0.144,0.100,0.075,0.069,0.038,0.044,0.056,0.038,0.031,0.044,0.044,0.025,A,,,20180324004100,
300,20180324,0.050,0.038,0.025,0.044,0.031,0.038,0.044,0.025,0.044,0.050,0.063,0.219,0.081,0.025,0.044,0.050,0.425,0.094,0.050,0.625,1.081,1.069,0.763,0.413,0.375,0.706,0.513,0.294,0.038,0.063,0.063,0.056,0.200,0.150,0.300,0.156,0.125,0.188,0.400,0.163,0.669,0.069,0.038,0.038,0.050,0.025,0.056,0.025,A,,,20180325003841,
300,20180325,0.044,0.038,0.038,0.050,0.019,0.056,0.019,0.050,0.038,0.144,0.106,0.063,0.106,0.150,0.106,0.075,0.056,0.050,0.138,0.050,0.075,0.438,0.113,0.056,0.025,0.188,0.069,0.319,0.100,0.638,0.956,0.531,1.075,1.569,0.294,0.106,0.206,0.094,0.069,0.031,0.069,0.088,0.069,0.050,0.044,0.019,0.050,0.019,A,,,20180326004133,
300,20180326,0.044,0.025,0.044,0.019,0.050,0.019,0.044,0.025,0.144,0.138,0.100,0.088,0.056,0.200,0.038,0.144,0.369,0.088,0.681,0.031,0.038,0.038,0.025,0.044,0.025,0.044,0.031,0.038,0.044,0.025,0.050,0.019,0.044,0.025,0.075,0.200,0.056,0.081,0.069,0.063,0.069,0.063,0.075,0.038,0.056,0.025,0.050,0.025,A,,,20180327004021,
300,20180327,0.044,0.031,0.038,0.031,0.044,0.031,0.044,0.044,0.050,0.044,0.063,0.069,0.244,0.088,0.069,0.025,0.044,0.019,0.044,0.019,0.044,0.019,0.044,0.019,0.044,0.019,0.044,0.025,0.038,0.031,0.031,0.038,0.031,0.200,0.206,0.169,0.100,0.213,0.106,0.088,0.075,0.063,0.025,0.050,0.025,0.044,0.031,0.038,A,,,20180328003902,
300,20180328,0.038,0.038,0.038,0.031,0.038,0.031,0.044,0.025,0.044,0.188,0.100,0.138,0.069,0.156,0.044,0.044,0.050,0.025,0.038,0.050,0.025,0.044,0.050,0.019,0.050,0.038,0.038,0.050,0.025,0.044,0.044,0.025,0.050,0.031,0.075,0.075,0.056,0.088,0.100,0.081,0.063,0.044,0.025,0.044,0.019,0.056,0.013,0.056,A,,,20180329003856,
300,20180329,0.019,0.044,0.025,0.038,0.031,0.025,0.044,0.019,0.056,0.169,0.088,0.056,0.081,0.138,0.119,0.088,0.088,0.038,0.050,0.031,0.075,0.044,0.075,0.019,0.044,0.019,0.025,0.075,0.025,0.175,0.031,0.050,0.056,0.113,0.238,0.119,0.406,0.169,0.706,0.063,0.031,0.038,0.038,0.031,0.044,0.025,0.044,0.025,A,,,20180330003754,
300,20180330,0.050,0.019,0.050,0.019,0.044,0.025,0.044,0.025,0.044,0.194,0.119,0.113,0.094,0.156,0.956,0.088,0.063,0.050,0.031,0.088,0.056,0.088,0.069,0.075,0.081,0.331,0.175,0.075,0.438,0.094,0.069,0.056,0.444,0.131,0.113,0.125,0.438,0.150,0.844,0.075,0.075,0.050,0.038,0.056,0.038,0.031,0.050,0.019,A,,,20180331003536,
300,20180331,0.050,0.031,0.038,0.044,0.025,0.044,0.025,0.044,0.025,0.044,0.019,0.050,0.019,0.050,0.144,0.144,0.150,0.056,0.050,0.038,0.031,0.038,0.025,0.050,0.019,0.050,0.019,0.044,0.031,0.038,0.044,0.025,0.044,0.019,0.050,0.031,0.031,0.050,0.019,0.044,0.025,0.044,0.031,0.038,0.038,0.025,0.050,0.019,A,,,20180401003241,
300,20180401,0.044,0.019,0.050,0.019,0.044,0.025,0.038,0.038,0.031,0.038,0.025,0.038,0.031,0.038,0.025,0.044,0.019,0.044,0.025,0.044,0.019,0.050,0.019,0.044,0.019,0.050,0.025,0.038,0.038,0.031,0.044,0.019,0.050,0.025,0.044,0.038,0.025,0.050,0.019,0.050,0.094,0.075,0.044,0.044,0.019,0.050,0.019,0.044,A,,,20180402014542,
300,20180402,0.031,0.038,0.031,0.031,0.044,0.025,0.044,0.019,0.044,0.025,0.044,0.025,0.044,0.031,0.031,0.044,0.019,0.050,0.019,0.044,0.019,0.044,0.025,0.044,0.038,0.038,0.044,0.025,0.050,0.019,0.050,0.031,0.038,0.050,0.019,0.050,0.056,0.225,0.138,0.094,0.100,0.094,0.056,0.038,0.056,0.044,0.025,0.050,A,,,20180403014156,
300,20180403,0.044,0.031,0.050,0.031,0.038,0.050,0.025,0.044,0.044,0.031,0.044,0.025,0.075,0.213,0.038,0.044,0.513,0.113,0.106,0.050,0.038,1.269,1.219,0.794,1.425,1.063,0.394,1.144,0.675,1.019,0.613,0.706,1.069,0.706,0.500,1.694,1.300,0.381,0.106,0.113,0.100,0.069,0.063,0.050,0.038,0.044,0.025,0.044,A,,,20180404014058,
300,20180404,0.025,0.038,0.044,0.019,0.050,0.019,0.044,0.031,0.031,0.038,0.031,0.044,0.131,0.131,0.063,0.063,0.063,0.050,0.044,0.031,0.056,0.050,0.025,0.044,0.044,0.019,0.044,0.044,0.019,0.044,0.038,0.025,0.044,0.031,0.050,0.100,0.188,0.194,0.094,0.088,0.094,0.113,0.131,0.106,0.125,0.125,0.056,0.038,A,,,20180405014244,
300,20180405,0.044,0.025,0.038,0.038,0.025,0.038,0.031,0.031,0.044,0.019,0.150,0.069,0.144,0.213,0.081,0.138,0.050,0.038,0.025,0.038,0.044,0.019,0.044,0.038,0.025,0.044,0.031,0.025,0.044,0.019,0.044,0.038,0.025,0.038,0.038,0.031,0.044,0.019,0.038,0.038,0.025,0.044,0.025,0.044,0.044,0.025,0.044,0.038,A,,,20180406014356,
300,20180406,0.019,0.044,0.025,0.038,0.038,0.019,0.044,0.019,0.044,0.031,0.144,0.163,0.050,0.606,0.856,0.188,0.469,0.331,0.019,0.044,0.025,0.038,0.044,0.019,0.044,0.031,0.031,0.044,0.025,0.038,0.044,0.019,0.044,0.044,0.038,0.113,0.119,0.113,0.056,0.044,0.044,0.038,0.025,0.038,0.038,0.019,0.038,0.038,A,,,20180407014257,
300,20180407,0.025,0.038,0.025,0.031,0.119,0.019,0.038,0.019,0.038,0.031,0.025,0.175,0.075,0.075,0.050,0.288,0.069,0.056,0.056,0.031,0.038,0.181,0.388,0.138,1.319,1.044,0.788,0.113,0.638,0.131,0.525,0.319,0.306,0.638,0.594,0.288,0.038,0.044,0.038,0.031,0.056,0.088,0.025,0.044,0.044,0.025,0.044,0.038,A,,,20180408014701,
300,20180408,0.025,0.044,0.019,0.044,0.038,0.025,0.044,0.019,0.044,0.025,0.219,0.125,0.100,0.100,0.050,0.206,0.094,0.094,0.138,0.113,0.063,0.038,0.025,0.044,0.031,0.031,0.044,0.025,0.044,0.044,0.019,0.475,0.138,0.094,1.006,0.981,0.956,0.925,0.775,0.494,0.094,0.100,0.088,0.069,0.069,0.044,0.031,0.038,A,,,20180409014629,
300,20180409,0.044,0.025,0.044,0.044,0.019,0.044,0.031,0.038,0.038,0.025,0.044,0.019,0.081,0.163,0.031,0.163,0.063,0.031,0.038,0.050,0.031,0.031,0.044,0.031,0.031,0.044,0.038,0.025,0.050,0.031,0.031,0.044,0.031,0.031,0.063,0.088,0.219,0.175,0.419,0.206,0.713,0.094,0.075,0.050,0.044,0.044,0.025,0.044,A,,,20180410014826,
300,20180410,0.038,0.031,0.044,0.031,0.038,0.044,0.025,0.044,0.038,0.031,0.044,0.156,0.119,0.100,0.038,0.106,0.056,0.044,0.038,0.050,0.038,0.038,0.050,0.025,0.038,0.044,0.025,0.044,0.038,0.025,0.044,0.038,0.031,0.044,0.031,0.106,0.119,0.088,0.106,0.150,0.125,0.119,0.125,0.063,0.031,0.044,0.044,0.038,A,,,20180411013600,
300,20180411,0.025,0.044,0.044,0.025,0.044,0.044,0.031,0.031,0.044,0.038,0.031,0.213,0.113,0.063,0.119,0.150,0.088,0.069,0.075,0.044,0.031,0.038,0.044,0.044,0.031,0.038,0.044,0.044,0.031,0.044,0.044,0.038,0.031,0.044,0.044,0.219,0.088,0.063,0.063,0.056,0.044,0.100,0.194,0.056,0.031,0.031,0.044,0.044,A,,,20180412014735,
300,20180412,0.025,0.038,0.038,0.038,0.025,0.038,0.044,0.025,0.038,0.038,0.031,0.031,0.056,0.269,0.056,0.025,0.038,0.044,0.038,0.019,0.044,0.044,0.025,0.031,0.044,0.038,0.019,0.044,0.038,0.031,0.031,0.044,0.038,0.031,0.031,0.044,0.038,0.031,0.081,0.163,0.194,0.131,0.050,0.044,0.044,0.031,0.025,0.044,A,,,20180413015106,
300,20180413,0.031,0.025,0.044,0.025,0.031,0.044,0.019,0.038,0.031,0.031,0.038,0.019,0.044,0.175,0.106,0.050,0.031,0.031,0.038,0.044,0.038,0.031,0.031,0.038,0.044,0.025,0.031,0.044,0.038,0.025,0.038,0.044,0.031,0.025,0.044,0.038,0.038,0.113,0.381,0.144,0.631,0.025,0.038,0.044,0.038,0.025,0.044,0.038,A,,,20180414014732,
300,20180414,0.025,0.038,0.144,0.038,0.031,0.044,0.031,0.025,0.044,0.038,0.019,0.044,0.038,0.163,0.906,0.100,0.063,0.050,0.056,0.050,0.025,0.175,0.050,0.031,0.056,0.088,0.200,0.069,0.069,0.069,0.563,0.163,0.413,0.244,0.156,0.675,0.675,0.531,0.094,0.075,0.069,0.075,0.075,0.044,0.031,0.038,0.044,0.019,A,,,20180415015130,
300,20180415,0.044,0.031,0.069,0.081,0.063,0.038,0.031,0.038,0.031,0.031,0.044,0.019,0.156,0.081,0.869,0.163,0.075,0.525,0.156,0.094,0.038,0.106,0.538,0.169,1.106,0.963,0.531,1.000,0.100,0.150,0.056,0.056,0.025,0.063,0.100,0.081,0.200,0.281,0.125,0.100,0.075,0.081,0.081,0.069,0.081,0.044,0.050,0.038,A,,,20180416013525,
300,20180416,0.038,0.044,0.025,0.050,0.088,0.069,0.063,0.025,0.044,0.025,0.081,0.150,0.131,0.081,0.075,0.131,0.100,0.044,0.019,0.044,0.019,0.044,0.025,0.038,0.038,0.025,0.044,0.019,0.044,0.025,0.038,0.044,0.025,0.044,0.044,0.219,0.119,0.088,0.069,0.125,0.163,0.156,0.088,0.081,0.069,0.038,0.050,0.025,A,,,20180417014806,
300,20180417,0.044,0.025,0.044,0.019,0.044,0.025,0.044,0.025,0.038,0.025,0.038,0.031,0.200,0.106,0.131,0.094,0.081,0.044,0.031,0.044,0.019,0.044,0.031,0.025,0.044,0.019,0.044,0.025,0.031,0.044,0.019,0.044,0.019,0.044,0.019,0.075,0.194,0.219,0.119,0.081,0.063,0.075,0.075,0.044,0.063,0.025,0.044,0.025,A,,,20180418014000,
300,20180418,0.038,0.031,0.031,0.038,0.025,0.131,0.025,0.044,0.019,0.044,0.019,0.231,0.075,0.100,0.138,0.331,0.331,0.356,0.450,0.025,0.044,0.031,0.038,0.038,0.031,0.050,0.025,0.044,0.025,0.044,0.038,0.038,0.044,0.025,0.056,0.081,0.094,0.106,0.225,0.125,0.088,0.075,0.025,0.044,0.038,0.025,0.044,0.019,A,,,20180419013904,
300,20180419,0.044,0.019,0.044,0.025,0.038,0.106,0.031,0.038,0.019,0.044,0.019,0.044,0.019,0.081,0.150,0.056,0.031,0.063,0.056,0.188,0.119,0.094,0.063,0.050,0.600,0.281,0.075,0.081,0.056,0.038,0.050,0.063,0.050,0.050,0.044,0.100,0.100,0.150,0.169,0.419,0.144,0.700,0.044,0.025,0.044,0.025,0.038,0.038,A,,,20180420015202,
300,20180420,0.019,0.044,0.025,0.038,0.025,0.044,0.019,0.044,0.025,0.038,0.025,0.038,0.088,0.219,0.125,0.044,0.031,0.038,0.025,0.038,0.019,0.044,0.019,0.044,0.025,0.038,0.038,0.025,0.044,0.019,0.044,0.038,0.019,0.044,0.056,0.075,0.169,0.656,0.194,0.081,0.056,0.044,0.088,0.075,0.038,0.038,0.038,0.025,A,,,20180421014606,
300,20180421,0.038,0.038,0.019,0.038,0.038,0.025,0.038,0.025,0.038,0.038,0.019,0.038,0.225,0.125,0.106,0.113,0.194,0.044,0.019,0.131,0.806,0.250,0.394,0.656,1.175,0.638,0.781,1.200,1.088,0.150,0.069,0.038,0.044,0.050,0.031,0.050,0.050,0.031,0.044,0.138,0.113,0.081,0.056,0.069,0.050,0.044,0.050,0.056,A,,,20180422014725,
300,20180422,0.044,0.038,0.050,0.050,0.031,0.050,0.044,0.038,0.050,0.025,0.056,0.038,0.038,0.050,0.263,0.175,0.050,0.219,0.319,0.063,0.431,0.950,0.150,1.063,0.625,0.656,0.813,1.156,0.681,0.550,0.431,1.075,0.481,0.075,0.075,0.269,0.231,0.356,0.163,0.706,0.213,0.075,0.056,0.038,0.038,0.044,0.025,0.044,A,,,20180423014244,
300,20180423,0.019,0.044,0.025,0.044,0.031,0.038,0.038,0.031,0.044,0.025,0.044,0.025,0.213,0.069,0.213,0.088,0.050,0.044,0.019,0.038,0.044,0.019,0.044,0.031,0.025,0.044,0.031,0.025,0.044,0.038,0.025,0.044,0.031,0.025,0.044,0.056,0.188,0.125,0.119,0.194,0.088,0.075,0.069,0.044,0.044,0.044,0.025,0.038,A,,,20180424025303,
300,20180424,0.044,0.019,0.038,0.038,0.031,0.038,0.031,0.038,0.050,0.025,0.044,0.031,0.125,0.269,0.138,0.025,0.050,0.044,0.019,0.044,0.038,0.025,0.038,0.044,0.019,0.044,0.038,0.019,0.044,0.038,0.019,0.044,0.025,0.031,0.044,0.019,0.088,0.219,0.131,0.419,0.131,0.713,0.050,0.025,0.038,0.044,0.019,0.044,A,,,20180425014506,
300,20180425,0.025,0.031,0.044,0.019,0.044,0.025,0.031,0.044,0.019,0.044,0.025,0.038,0.088,0.169,0.931,0.169,0.025,0.050,0.063,0.069,0.081,0.088,0.081,0.044,0.056,0.194,0.025,0.125,0.044,0.056,0.113,0.063,0.075,0.031,0.044,0.019,0.050,0.025,0.044,0.063,0.094,0.069,0.044,0.044,0.025,0.044,0.019,0.044,A,,,20180426013432,
300,20180426,0.019,0.044,0.019,0.044,0.025,0.038,0.025,0.031,0.031,0.025,0.050,0.213,0.169,0.138,0.088,0.113,0.025,0.031,0.031,0.025,0.038,0.019,0.044,0.019,0.044,0.019,0.044,0.019,0.044,0.019,0.050,0.019,0.044,0.019,0.044,0.075,0.188,0.144,0.381,0.100,0.706,0.050,0.088,0.050,0.025,0.050,0.019,0.044,A,,,20180427014752,
300,20180427,0.019,0.038,0.031,0.019,0.050,0.106,0.050,0.019,0.031,0.038,0.019,0.044,0.044,0.256,0.213,0.081,0.069,0.031,0.019,0.050,0.019,0.044,0.019,0.044,0.019,0.031,0.031,0.025,0.044,0.013,0.050,0.019,0.050,0.044,0.075,0.788,0.175,0.056,0.088,0.050,0.081,0.044,0.044,0.019,0.050,0.019,0.044,0.019,A,,,20180428015038,
300,20180428,0.031,0.031,0.019,0.050,0.019,0.038,0.025,0.019,0.050,0.031,0.081,0.056,0.056,0.081,0.025,0.050,0.019,0.025,0.038,0.025,0.050,0.038,0.419,0.438,0.113,0.231,1.419,0.944,0.488,0.525,0.250,0.563,0.413,0.750,0.063,0.063,0.200,0.719,0.581,0.544,0.069,0.075,0.069,0.050,0.069,0.038,0.044,0.031,A,,,20180429014558,
300,20180429,0.038,0.038,0.025,0.044,0.019,0.038,0.100,0.069,0.038,0.038,0.038,0.038,0.238,0.019,0.044,0.031,0.038,0.038,0.181,0.063,0.100,0.106,0.269,0.606,0.181,0.050,0.025,0.113,0.044,0.025,0.056,0.706,0.519,0.756,0.188,0.113,0.081,0.081,0.256,1.156,0.806,0.913,0.113,0.094,0.069,0.075,0.044,0.019,A,,,20180430025106,
300,20180430,0.044,0.038,0.025,0.044,0.019,0.044,0.025,0.038,0.031,0.031,0.031,0.181,0.169,0.163,0.144,0.125,0.088,0.069,0.050,0.038,0.019,0.044,0.025,0.044,0.031,0.031,0.038,0.031,0.044,0.019,0.050,0.025,0.038,0.038,0.025,0.044,0.019,0.044,0.019,0.044,0.031,0.106,0.106,0.038,0.044,0.025,0.038,0.025,A,,,20180501014114,
300,20180501,0.038,0.025,0.038,0.113,0.038,0.025,0.031,0.025,0.038,0.019,0.044,0.150,0.169,0.169,0.188,0.156,0.081,0.050,0.044,0.031,0.050,0.031,0.038,0.044,0.019,0.038,0.031,0.031,0.044,0.019,0.044,0.025,0.031,0.038,0.131,0.088,0.175,0.388,0.331,0.500,0.313,0.081,0.063,0.063,0.019,0.044,0.025,0.044,A,,,20180502014121,
300,20180502,0.025,0.038,0.038,0.031,0.038,0.031,0.125,0.031,0.038,0.031,0.188,0.150,0.119,0.069,0.069,0.056,0.056,0.056,0.088,0.069,0.050,0.044,0.019,0.044,0.025,0.044,0.019,0.050,0.019,0.044,0.025,0.044,0.019,0.044,0.031,0.088,0.094,0.169,0.081,0.094,0.238,0.106,0.069,0.025,0.044,0.025,0.038,0.038,A,,,20180503014848,
300,20180503,0.025,0.044,0.019,0.044,0.025,0.044,0.019,0.044,0.019,0.050,0.188,0.088,0.081,0.200,0.125,0.219,0.200,0.056,0.069,0.038,0.069,0.200,0.069,0.075,0.044,0.063,0.031,0.050,0.031,0.050,0.038,0.081,0.069,0.063,0.088,0.163,0.219,0.219,0.738,0.175,0.663,0.050,0.025,0.044,0.025,0.038,0.031,0.031,A,,,20180504025037,
300,20180504,0.038,0.031,0.038,0.025,0.044,0.106,0.044,0.019,0.044,0.100,0.325,0.113,0.094,0.075,0.269,0.131,0.119,0.025,0.038,0.031,0.031,0.031,0.031,0.025,0.031,0.031,0.031,0.025,0.038,0.031,0.038,0.025,0.038,0.025,0.038,0.019,0.044,0.019,0.044,0.144,0.100,0.050,0.031,0.031,0.025,0.038,0.025,0.031,A,,,20180505014422,
300,20180505,0.025,0.031,0.031,0.025,0.038,0.019,0.044,0.125,0.044,0.019,0.044,0.019,0.031,0.625,0.644,0.075,0.044,0.031,0.038,0.044,0.025,0.063,0.063,0.075,0.113,0.550,0.144,1.500,0.681,1.431,0.213,0.813,1.094,0.863,0.619,0.519,0.381,0.275,0.738,0.550,0.613,0.088,0.081,0.131,0.100,0.056,0.050,0.025,A,,,20180506014741,
300,20180506,0.044,0.025,0.038,0.031,0.038,0.031,0.031,0.038,0.031,0.038,0.031,0.038,0.031,0.031,0.175,0.050,0.338,0.044,0.050,0.063,0.100,0.056,0.519,0.106,1.231,1.369,1.000,1.494,1.213,0.831,0.606,0.619,0.206,0.169,0.156,0.138,0.194,0.488,0.194,0.869,0.113,0.081,0.050,0.044,0.031,0.025,0.044,0.019,A,,,20180507014558,
300,20180507,0.038,0.025,0.038,0.038,0.025,0.038,0.019,0.044,0.019,0.038,0.044,0.238,0.088,0.100,0.119,0.050,0.031,0.044,0.038,0.025,0.044,0.019,0.038,0.025,0.038,0.031,0.031,0.044,0.019,0.044,0.019,0.044,0.031,0.031,0.069,0.075,0.194,0.106,0.131,0.075,0.088,0.063,0.088,0.050,0.050,0.038,0.031,0.038,A,,,20180508014615,
300,20180508,0.031,0.038,0.025,0.044,0.019,0.050,0.019,0.044,0.025,0.044,0.019,0.044,0.019,0.275,0.144,0.075,0.044,0.019,0.044,0.019,0.038,0.025,0.038,0.031,0.075,0.069,0.063,0.038,0.025,0.038,0.019,0.044,0.031,0.031,0.056,0.181,0.113,0.113,0.088,0.106,0.175,0.100,0.413,0.106,0.681,0.044,0.044,0.025,A,,,20180509015119,
300,20180509,0.038,0.044,0.025,0.031,0.044,0.025,0.031,0.044,0.019,0.044,0.019,0.038,0.031,0.313,0.088,0.038,0.031,0.038,0.025,0.038,0.019,0.038,0.019,0.044,0.025,0.031,0.038,0.019,0.038,0.025,0.031,0.038,0.025,0.038,0.038,0.094,0.088,0.075,0.075,0.088,0.081,0.094,0.081,0.163,0.063,0.019,0.044,0.019,A,,,20180510015105,
300,20180510,0.038,0.025,0.031,0.038,0.025,0.038,0.019,0.038,0.025,0.038,0.019,0.038,0.169,0.088,0.069,0.150,0.038,0.081,0.050,0.238,0.063,0.031,0.056,0.038,0.050,0.038,0.113,0.094,0.169,0.050,0.044,0.050,0.181,0.106,0.075,0.188,0.081,0.075,0.081,0.081,0.088,0.181,0.081,0.031,0.044,0.013,0.044,0.019,A,,,20180511013243,
300,20180511,0.038,0.019,0.038,0.019,0.038,0.019,0.031,0.031,0.019,0.038,0.019,0.050,0.800,0.350,0.181,0.025,0.044,0.019,0.038,0.019,0.038,0.019,0.031,0.025,0.031,0.025,0.025,0.031,0.019,0.038,0.019,0.038,0.019,0.038,0.038,0.088,0.206,0.081,0.088,0.194,0.506,0.119,0.769,0.038,0.038,0.025,0.044,0.019,V,,,20180512014132,
400,1,6,A,,
400,7,7,A,89,
400,8,48,A,,
300,20180512,0.044,0.025,0.038,0.025,0.044,0.019,0.044,0.025,0.044,0.019,0.044,0.025,0.038,0.225,0.169,0.094,0.044,0.094,0.888,0.288,0.669,0.075,0.094,0.069,0.094,0.138,0.125,0.113,0.169,0.081,0.100,0.069,0.088,0.069,0.081,0.106,0.594,0.225,0.225,0.613,0.200,0.788,0.600,0.681,0.156,0.088,0.069,0.088,A,,,20180513014401,
300,20180513,0.075,0.081,0.081,0.075,0.088,0.075,0.081,0.075,0.081,0.075,0.100,0.269,0.131,0.181,0.356,0.088,0.131,0.969,0.800,0.663,0.100,0.081,0.075,0.725,0.925,1.288,0.713,1.125,0.725,0.406,1.150,0.663,0.788,0.700,0.600,0.975,1.025,1.088,1.625,0.988,1.344,1.081,0.169,0.106,0.081,0.100,0.081,0.094,A,,,20180514014417,
300,20180514,0.081,0.094,0.075,0.106,0.075,0.106,0.075,0.100,0.075,0.094,0.088,0.388,0.225,0.200,0.288,0.631,0.094,0.069,0.100,0.075,0.088,0.081,0.075,0.100,0.069,0.100,0.075,0.100,0.069,0.094,0.075,0.088,0.088,0.081,0.088,0.131,0.156,0.225,0.219,0.138,0.138,0.131,0.156,0.088,0.106,0.081,0.100,0.081,A,,,20180515025222,
300,20180515,0.081,0.100,0.075,0.106,0.081,0.088,0.094,0.081,0.106,0.075,0.088,0.100,0.231,0.169,0.206,0.175,0.144,0.088,0.075,0.094,0.081,0.081,0.088,0.063,0.088,0.063,0.088,0.063,0.088,0.069,0.088,0.063,0.088,0.063,0.088,0.125,0.100,0.075,0.150,0.144,0.163,0.138,0.125,0.081,0.069,0.094,0.063,0.081,A,,,20180516013421,
300,20180516,0.075,0.063,0.094,0.069,0.094,0.063,0.075,0.088,0.069,0.094,0.063,0.075,0.275,0.175,0.194,0.069,0.094,0.063,0.075,0.075,0.069,0.088,0.069,0.088,0.069,0.069,0.094,0.063,0.094,0.063,0.081,0.075,0.063,0.088,0.063,0.125,0.106,0.281,0.194,0.963,0.506,0.569,0.269,0.081,0.069,0.088,0.063,0.088,A,,,20180517013351,
300,20180517,0.069,0.069,0.081,0.069,0.088,0.069,0.075,0.119,0.119,0.113,0.063,0.088,0.275,0.194,0.131,0.144,0.119,0.144,0.106,0.075,0.113,0.088,0.081,0.100,0.075,0.494,0.156,0.163,0.163,0.388,0.963,0.525,0.575,0.394,0.431,0.713,0.481,0.275,0.231,0.194,0.344,0.394,0.388,0.356,0.231,0.275,0.363,0.306,A,,,20180518014426,
300,20180518,0.188,0.325,0.344,0.150,0.350,0.344,0.156,0.356,0.325,0.194,0.313,0.350,0.600,0.338,0.406,0.125,0.063,0.094,0.075,0.094,0.075,0.100,0.069,1.075,0.556,1.031,0.150,0.669,0.175,0.094,0.063,0.094,0.069,0.125,0.100,0.194,0.113,0.131,0.088,0.088,0.094,0.081,0.106,0.144,0.119,0.081,0.088,0.063,A,,,20180519014458,
300,20180519,0.069,0.088,0.063,0.088,0.069,0.069,0.088,0.063,0.094,0.069,0.075,0.081,0.063,0.094,0.438,0.713,0.144,0.119,0.119,0.100,0.081,0.519,0.294,0.894,1.394,1.350,1.056,0.938,0.525,0.081,0.106,0.088,0.606,0.181,0.156,0.588,0.688,0.381,0.281,0.088,0.119,0.094,0.075,0.081,0.069,0.081,0.088,0.081,A,,,20180520014222,
300,20180520,0.069,0.081,0.081,0.069,0.081,0.075,0.081,0.069,0.081,0.075,0.075,0.075,0.244,0.513,1.419,0.594,1.563,1.056,0.825,0.644,1.469,1.050,0.556,0.769,0.138,0.138,1.288,1.794,0.656,0.775,1.200,0.756,0.763,0.700,1.394,0.694,0.725,0.788,0.694,0.213,0.113,0.081,0.075,0.081,0.075,0.069,0.075,0.075,A,,,20180521014851,
300,20180521,0.069,0.069,0.075,0.081,0.069,0.075,0.075,0.075,0.069,0.075,0.075,0.075,0.225,0.244,0.088,0.075,0.119,0.088,0.075,0.081,0.081,0.069,0.075,0.075,0.075,0.069,0.075,0.075,0.075,0.075,0.075,0.081,0.069,0.075,0.113,0.281,0.988,0.200,0.438,1.088,0.206,0.813,0.150,0.119,0.088,0.081,0.081,0.069,A,,,20180522015009,
300,20180522,0.069,0.081,0.075,0.069,0.075,0.081,0.075,0.075,0.088,0.081,0.069,0.075,0.250,0.194,0.106,0.131,0.075,0.075,0.081,0.075,0.069,0.075,0.075,0.069,0.075,0.075,0.069,0.069,0.081,0.075,0.063,0.075,0.081,0.069,0.088,0.156,0.144,0.269,0.163,0.144,0.138,0.125,0.156,0.200,0.113,0.081,0.075,0.075,A,,,20180523014535,
300,20180523,0.075,0.069,0.075,0.075,0.069,0.075,0.075,0.075,0.156,0.075,0.075,0.069,0.081,0.219,0.219,0.200,0.175,0.206,0.100,0.075,0.075,0.081,0.075,0.075,0.081,0.075,0.069,0.081,0.075,0.069,0.069,0.075,0.075,0.069,0.081,0.231,0.206,0.838,0.313,0.125,0.175,0.113,0.106,0.069,0.069,0.075,0.075,0.063,A,,,20180524013334,
300,20180524,0.075,0.075,0.069,0.156,0.075,0.075,0.069,0.069,0.081,0.069,0.069,0.075,0.075,0.069,0.069,0.338,0.131,0.800,0.613,0.425,0.344,0.075,0.075,0.069,0.075,0.075,0.069,0.075,0.075,0.075,0.069,0.075,0.075,0.069,0.075,0.075,0.069,0.069,0.075,0.125,0.163,0.131,0.138,0.100,0.075,0.081,0.075,0.069,A,,,20180525014531,
300,20180525,0.075,0.081,0.069,0.075,0.175,0.075,0.069,0.081,0.075,0.075,0.294,0.169,0.163,0.138,0.275,0.088,0.075,0.094,0.138,0.131,0.156,0.131,0.125,0.125,0.200,0.269,0.319,0.713,0.106,0.088,0.094,0.088,0.075,0.100,0.125,0.156,0.269,0.169,0.156,0.156,0.119,0.113,0.125,0.100,0.094,0.088,0.081,0.081,A,,,20180526013337,
300,20180526,0.081,0.088,0.081,0.081,0.088,0.088,0.075,0.088,0.088,0.075,0.088,0.088,0.269,0.088,0.081,0.081,0.106,0.138,0.131,0.281,0.519,0.144,0.075,0.094,0.081,0.081,0.081,0.088,0.088,0.656,0.156,0.369,0.594,0.206,0.175,1.356,0.900,0.819,1.119,0.513,0.594,0.319,0.125,0.163,0.100,0.094,0.088,0.088,A,,,20180527014727,
300,20180527,0.081,0.075,0.075,0.075,0.075,0.069,0.081,0.075,0.100,0.113,0.113,0.106,0.231,0.106,0.075,0.081,0.100,0.075,0.075,0.275,0.069,0.200,0.131,0.669,0.188,0.600,0.988,1.044,0.744,0.663,0.656,0.663,0.344,0.075,0.081,0.075,0.069,0.075,0.081,0.431,0.356,0.181,0.781,0.588,0.556,0.100,0.081,0.081,A,,,20180528013409,
300,20180528,0.069,0.081,0.075,0.075,0.075,0.081,0.075,0.075,0.075,0.075,0.081,0.075,0.238,0.119,0.156,0.081,0.181,0.081,0.200,0.131,0.144,0.138,0.113,0.200,0.169,0.106,0.106,0.106,0.100,0.081,0.081,0.113,0.081,0.094,0.256,0.131,0.144,0.375,0.231,0.956,0.513,0.756,0.238,0.113,0.119,0.119,0.113,0.094,A,,,20180529014535,
300,20180529,0.081,0.075,0.081,0.081,0.075,0.075,0.081,0.081,0.069,0.081,0.081,0.075,0.075,0.075,0.081,0.219,0.100,0.169,0.100,0.075,0.081,0.075,0.075,0.075,0.081,0.069,0.081,0.075,0.075,0.069,0.081,0.075,0.069,0.075,0.075,0.256,0.338,0.181,0.713,0.300,0.419,0.175,0.719,0.119,0.113,0.106,0.106,0.088,A,,,20180530014119,
300,20180530,0.094,0.088,0.075,0.081,0.081,0.075,0.075,0.081,0.081,0.069,0.075,0.200,0.100,0.156,0.125,0.100,0.188,0.125,0.094,0.131,0.119,0.113,0.113,0.288,0.213,0.350,0.156,0.106,0.119,0.250,0.131,0.194,0.369,0.113,0.138,0.238,0.450,0.169,0.194,0.188,0.513,0.219,0.675,0.213,0.100,0.144,0.075,0.081,A,,,20180531024756,
300,20180531,0.088,0.075,0.069,0.081,0.081,0.075,0.075,0.081,0.069,0.075,0.081,0.088,0.069,0.319,0.219,0.225,0.200,0.081,0.069,0.106,0.075,0.075,0.238,0.088,0.163,0.144,0.194,0.513,0.175,0.431,0.194,0.831,0.125,0.094,0.100,0.075,0.075,0.269,0.181,0.194,0.088,0.088,0.088,0.094,0.094,0.138,0.175,0.138,A,,,20180601014953,
300,20180601,0.119,0.106,0.069,0.075,0.081,0.069,0.075,0.075,0.075,0.069,0.081,0.081,0.313,0.131,0.181,0.250,0.100,0.075,0.075,0.094,0.131,0.119,0.244,0.350,0.156,0.106,0.100,0.088,0.156,0.188,0.200,0.406,0.244,0.675,0.106,0.438,0.544,0.269,0.313,0.231,0.219,0.119,0.088,0.081,0.088,0.119,0.113,0.113,A,,,20180602014301,
300,20180602,0.119,0.081,0.075,0.081,0.075,0.075,0.075,0.081,0.069,0.075,0.075,0.069,0.250,0.325,0.463,0.350,0.150,0.513,0.313,0.831,0.306,0.156,0.106,0.081,0.075,0.081,0.694,0.150,0.300,0.700,0.175,0.944,0.888,0.638,1.694,1.131,0.731,0.756,0.450,0.269,0.725,0.119,0.094,0.088,0.088,0.094,0.088,0.100,A,,,20180603014238,
300,20180603,0.119,0.119,0.106,0.106,0.144,0.094,0.075,0.081,0.088,0.075,0.075,0.081,0.213,0.131,0.394,0.150,0.300,0.150,0.106,0.231,0.088,0.088,0.075,0.075,0.081,0.069,0.094,0.081,0.075,0.081,0.188,0.344,0.475,0.194,0.706,0.706,0.425,0.169,0.194,0.269,0.113,0.088,0.113,0.113,0.125,0.113,0.100,0.094,A,,,20180604013246,
300,20180604,0.075,0.075,0.081,0.081,0.150,0.100,0.081,0.081,0.075,0.075,0.231,0.225,0.156,0.456,0.094,0.750,0.038,0.031,0.025,0.031,0.031,0.025,0.031,0.031,0.025,0.025,0.038,0.031,0.025,0.038,0.031,0.025,0.038,0.031,0.025,0.031,0.038,0.025,0.031,0.031,0.031,0.025,0.031,0.031,0.025,0.031,0.031,0.025,A,,,20180605013237,
300,20180605,0.031,0.031,0.019,0.031,0.031,0.025,0.025,0.031,0.025,0.025,0.031,0.031,0.019,0.031,0.031,0.025,0.025,0.031,0.025,0.031,0.025,0.025,0.031,0.031,0.025,0.025,0.031,0.031,0.025,0.038,0.031,0.025,0.031,0.031,0.025,0.031,0.025,0.025,0.031,0.031,0.025,0.031,0.031,0.019,0.031,0.031,0.025,0.031,A,,,20180606014300,
300,20180606,0.031,0.019,0.031,0.031,0.025,0.031,0.031,0.025,0.025,0.031,0.025,0.025,0.031,0.025,0.025,0.031,0.031,0.019,0.031,0.031,0.025,0.031,0.031,0.025,0.031,0.038,0.025,0.031,0.038,0.025,0.038,0.031,0.025,0.038,0.031,0.025,0.038,0.031,0.025,0.031,0.031,0.019,0.031,0.031,0.025,0.031,0.031,0.019,A,,,20180607014558,
300,20180607,0.031,0.031,0.025,0.031,0.025,0.025,0.031,0.031,0.019,0.031,0.031,0.025,0.025,0.038,0.019,0.031,0.031,0.019,0.031,0.031,0.025,0.031,0.031,0.025,0.031,0.031,0.031,0.088,0.069,0.044,0.038,0.025,0.025,0.038,0.025,0.025,0.031,0.031,0.019,0.031,0.031,0.025,0.025,0.031,0.031,0.025,0.025,0.031,A,,,20180608014345,
300,20180608,0.025,0.031,0.056,0.069,0.044,0.038,0.031,0.031,0.038,0.025,0.031,0.031,0.163,0.075,0.075,0.138,0.081,0.050,0.075,0.094,0.100,0.075,0.075,0.231,0.950,0.731,0.256,1.375,0.694,0.681,0.231,0.200,0.250,0.113,0.488,0.588,1.019,0.925,0.544,0.169,0.431,0.244,0.481,0.425,0.044,0.175,0.088,0.063,A,,,20180609013239,
300,20180609,0.069,0.050,0.056,0.038,0.031,0.038,0.031,0.031,0.025,0.031,0.031,0.025,0.031,0.269,0.069,0.038,0.031,0.031,0.100,0.075,0.069,0.094,0.619,0.138,0.075,0.138,1.556,1.094,0.906,0.056,0.169,1.513,0.906,0.781,0.619,1.225,0.856,0.150,0.144,0.056,0.063,0.063,0.056,0.038,0.025,0.038,0.063,0.063,A,,,20180610014542,
300,20180610,0.056,0.063,0.056,0.025,0.025,0.031,0.025,0.025,0.025,0.031,0.019,0.025,0.031,0.188,0.056,0.031,0.031,0.019,0.031,0.119,0.513,0.094,0.031,0.613,0.181,0.225,0.681,0.181,1.438,1.094,1.475,0.206,0.181,0.106,0.588,1.069,0.825,2.075,1.200,1.413,1.288,0.969,1.063,0.081,0.069,0.075,0.075,0.075,A,,,20180611014705,
300,20180611,0.069,0.075,0.075,0.075,0.075,0.075,0.069,0.081,0.075,0.069,0.075,0.075,0.231,0.156,0.200,0.125,0.181,0.106,0.119,0.088,0.075,0.075,0.075,0.069,0.081,0.075,0.069,0.081,0.069,0.075,0.075,0.075,0.069,0.081,0.238,0.338,0.219,0.169,0.150,0.131,0.119,0.188,0.088,0.075,0.081,0.069,0.069,0.075,A,,,20180612014724,
300,20180612,0.069,0.075,0.075,0.069,0.069,0.081,0.075,0.063,0.075,0.075,0.069,0.075,0.269,0.119,0.225,0.244,0.206,0.125,0.075,0.069,0.075,0.075,0.069,0.069,0.081,0.069,0.069,0.075,0.069,0.069,0.081,0.069,0.069,0.075,0.075,0.094,0.956,0.256,0.119,0.119,0.381,0.356,0.244,0.688,0.094,0.081,0.075,0.069,A,,,20180613014951,
300,20180613,0.081,0.069,0.075,0.081,0.069,0.075,0.081,0.069,0.075,0.081,0.069,0.075,0.200,0.213,0.138,0.138,0.263,0.106,0.094,0.081,0.075,0.081,0.081,0.075,0.075,0.081,0.075,0.069,0.081,0.075,0.069,0.081,0.075,0.075,0.138,0.150,0.356,0.163,0.088,0.119,0.100,0.069,0.075,0.069,0.069,0.069,0.075,0.069,A,,,20180614014740,
300,20180614,0.075,0.163,0.075,0.069,0.075,0.075,0.069,0.069,0.075,0.075,0.069,0.219,0.119,0.119,0.181,0.281,0.119,0.094,0.075,0.075,0.125,0.106,0.088,0.075,0.069,0.075,0.075,0.069,0.075,0.075,0.069,0.069,0.075,0.069,0.081,0.125,0.125,0.131,0.100,0.106,0.156,0.144,0.075,0.063,0.075,0.069,0.069,0.069,V,,,20180615014205,
400,1,17,A,,
400,18,18,A,89,
400,19,48,A,,
300,20180615,0.075,0.075,0.069,0.075,0.075,0.069,0.069,0.075,0.075,0.069,0.075,0.225,0.169,0.144,0.131,0.106,0.181,0.081,0.069,0.075,0.075,0.069,0.069,0.075,0.069,0.069,0.075,0.069,0.075,0.069,0.075,0.069,0.075,0.175,0.106,0.250,0.119,0.269,0.131,0.119,0.100,0.081,0.075,0.081,0.069,0.069,0.081,0.069,A,,,20180616014335,
300,20180616,0.069,0.081,0.069,0.081,0.113,0.125,0.100,0.075,0.225,0.100,0.100,0.094,0.075,0.069,0.069,0.294,0.075,0.069,0.088,0.081,0.100,0.706,0.169,0.138,0.106,0.413,0.438,0.656,0.794,0.788,0.119,0.075,0.075,0.188,0.119,0.350,0.794,0.606,0.750,0.131,0.113,0.119,0.125,0.106,0.069,0.075,0.075,0.075,A,,,20180617014058,
300,20180617,0.075,0.075,0.075,0.069,0.081,0.075,0.069,0.075,0.075,0.069,0.081,0.075,0.219,0.156,0.125,0.206,0.950,0.913,0.594,0.350,1.494,0.863,0.363,0.156,1.813,0.775,0.963,0.769,1.238,0.463,0.081,0.075,0.081,0.069,0.081,1.138,1.106,1.144,0.700,0.169,0.613,0.663,0.944,0.600,0.600,0.319,0.069,0.075,A,,,20180618013414,
300,20180618,0.075,0.069,0.075,0.075,0.075,0.075,0.075,0.075,0.069,0.075,0.081,0.069,0.238,0.144,0.088,0.119,0.369,0.269,0.888,1.369,1.000,1.231,1.050,0.838,0.106,0.081,0.256,0.088,0.088,0.094,0.100,0.138,0.125,0.544,0.494,0.163,0.125,0.125,0.119,0.125,0.113,0.113,0.119,0.100,0.069,0.075,0.069,0.069,A,,,20180619014649,
300,20180619,0.075,0.075,0.069,0.075,0.075,0.069,0.075,0.075,0.069,0.075,0.081,0.213,0.231,0.206,0.144,0.125,0.150,0.575,0.094,0.094,0.075,0.081,0.075,0.069,0.075,0.069,0.069,0.075,0.069,0.075,0.075,0.069,0.075,0.075,0.063,0.075,0.256,0.200,0.450,0.188,0.481,0.113,0.075,0.069,0.163,0.106,0.094,0.081,A,,,20180620024942,
300,20180620,0.088,0.088,0.088,0.144,0.125,0.100,0.088,0.081,0.081,0.206,0.094,0.081,0.081,0.656,0.581,0.194,0.081,0.094,0.069,0.075,0.075,0.069,0.069,0.075,0.081,0.069,0.075,0.075,0.075,0.069,0.081,0.069,0.069,0.075,0.106,0.150,0.313,0.125,0.113,0.113,0.169,0.081,0.075,0.081,0.081,0.088,0.088,0.081,A,,,20180621014923,
300,20180621,0.125,0.088,0.088,0.075,0.081,0.088,0.169,0.094,0.081,0.088,0.100,0.113,0.081,0.088,0.194,0.231,0.200,0.069,0.094,0.150,0.075,0.075,0.081,0.069,0.069,0.075,0.069,0.075,0.075,0.069,0.069,0.075,0.069,0.075,0.094,0.463,0.850,0.344,0.638,0.131,0.450,0.081,0.069,0.075,0.244,0.131,0.081,0.088,A,,,20180622015102,
300,20180622,0.088,0.075,0.088,0.088,0.088,0.081,0.088,0.088,0.081,0.094,0.088,0.225,0.219,0.206,0.163,0.125,0.138,0.200,0.094,0.100,0.088,0.088,0.100,0.088,0.119,0.744,0.144,0.113,0.094,0.088,0.094,0.094,0.094,0.088,0.131,0.125,0.150,0.156,0.150,0.138,0.119,0.188,0.106,0.088,0.094,0.094,0.088,0.094,A,,,20180623014936,
300,20180623,0.094,0.088,0.094,0.100,0.088,0.100,0.094,0.094,0.088,0.100,0.094,0.088,0.094,0.100,0.231,0.131,0.125,0.106,0.094,0.094,0.088,0.350,0.563,0.619,0.138,0.088,0.075,0.081,0.081,0.081,0.300,1.325,0.781,0.256,0.113,0.075,0.081,0.081,0.081,0.075,0.081,0.169,0.094,0.094,0.100,0.106,0.175,0.119,A,,,20180624013237,
300,20180624,0.100,0.100,0.088,0.094,0.100,0.094,0.088,0.100,0.094,0.094,0.088,0.100,0.169,1.500,0.769,0.656,1.119,0.738,0.894,1.006,0.156,0.081,0.069,0.075,0.081,0.069,0.075,0.075,0.069,0.075,0.075,0.075,0.069,0.075,0.075,0.063,0.075,0.894,1.213,0.256,0.538,0.263,0.413,0.138,0.869,0.694,0.344,0.094,A,,,20180625014017,
300,20180625,0.081,0.088,0.094,0.081,0.088,0.088,0.088,0.081,0.088,0.088,0.088,0.081,0.081,0.269,0.275,0.150,0.181,0.100,0.075,0.075,0.075,0.081,0.069,0.075,0.075,0.075,0.069,0.075,0.081,0.069,0.075,0.075,0.075,0.069,0.075,0.075,0.219,0.144,0.119,0.113,0.119,0.138,0.119,0.100,0.081,0.075,0.069,0.075,A,,,20180626013158,
300,20180626,0.075,0.069,0.081,0.088,0.081,0.088,0.088,0.088,0.088,0.088,0.088,0.081,0.081,0.213,0.106,0.100,0.131,0.075,0.075,0.069,0.075,0.075,0.069,0.075,0.075,0.069,0.069,0.075,0.069,0.069,0.081,0.069,0.069,0.075,0.075,0.106,0.119,0.244,0.131,0.213,0.213,0.119,0.075,0.081,0.069,0.069,0.075,0.075,A,,,20180627014024,
300,20180627,0.063,0.081,0.088,0.088,0.075,0.075,0.075,0.081,0.088,0.088,0.088,0.081,0.088,0.088,0.363,0.200,0.100,0.156,0.081,0.081,0.075,0.081,0.081,0.075,0.075,0.075,0.075,0.069,0.075,0.081,0.069,0.075,0.075,0.075,0.181,0.125,0.225,0.450,0.150,0.594,0.113,0.106,0.081,0.081,0.075,0.075,0.069,0.069,A,,,20180628014338,
300,20180628,0.075,0.075,0.069,0.106,0.100,0.081,0.213,0.125,0.106,0.088,0.088,0.088,0.088,0.219,0.206,0.181,0.081,0.094,0.100,0.075,0.069,0.069,0.069,0.075,0.069,0.281,0.981,1.450,1.494,1.631,1.181,0.944,0.863,1.500,1.063,0.900,2.881,2.013,1.075,1.494,1.544,1.750,1.925,1.931,0.825,1.313,1.100,1.200,A,,,20180629014047,
300,20180629,1.256,1.163,1.344,1.200,1.413,1.206,1.525,2.013,1.469,1.725,1.519,1.550,1.256,0.863,0.613,0.625,0.606,0.488,0.638,0.506,0.444,0.294,0.213,0.463,0.338,0.506,0.450,0.450,0.538,0.356,0.613,0.356,0.650,0.794,1.300,0.625,1.238,1.300,1.200,0.725,0.531,0.394,0.600,0.569,0.375,0.594,0.506,0.456,A,,,20180630014604,
300,20180630,0.675,0.475,0.525,0.675,0.488,0.669,0.538,0.556,0.669,0.463,0.694,0.631,0.494,0.725,0.831,0.481,0.656,0.688,0.531,0.675,0.844,0.750,0.513,0.594,1.238,1.419,0.844,1.494,1.938,1.050,0.675,0.744,0.725,1.344,0.775,0.788,0.450,0.550,0.419,0.369,0.381,0.394,0.819,0.788,0.806,0.625,0.725,0.800,A,,,20180701014354,
300,20180701,0.806,0.606,0.794,0.838,0.838,0.825,0.575,0.488,0.738,0.644,1.113,0.900,1.081,0.888,1.088,1.069,0.419,0.663,0.669,0.469,1.869,0.956,1.381,1.513,0.931,0.569,0.094,0.538,0.744,0.650,0.231,0.081,0.556,0.963,0.588,0.700,0.269,0.256,0.163,0.394,0.606,0.106,0.088,0.075,0.081,0.075,0.069,0.069,A,,,20180702013258,
300,20180702,0.075,0.075,0.063,0.081,0.075,0.069,0.069,0.075,0.069,0.069,0.200,0.125,0.444,0.225,0.125,0.088,0.088,0.075,0.075,0.069,0.069,0.075,0.069,0.069,0.069,0.075,0.069,0.069,0.075,0.069,0.069,0.081,0.069,0.069,0.075,0.794,0.431,0.269,0.219,0.119,0.138,0.269,0.138,0.100,0.106,0.094,0.088,0.081,A,,,20180703014304,
300,20180703,0.069,0.075,0.075,0.063,0.075,0.075,0.069,0.075,0.069,0.075,0.094,0.281,0.169,0.238,0.194,0.131,0.156,0.131,0.081,0.081,0.069,0.156,0.156,0.450,0.125,0.456,0.538,1.088,1.369,1.356,2.013,1.750,1.456,1.469,1.400,1.738,1.775,1.206,1.569,1.219,1.200,1.163,1.156,1.163,1.150,1.156,1.156,1.150,A,,,20180704014317,
300,20180704,1.156,1.163,1.288,1.194,1.194,1.200,1.200,1.200,1.206,1.213,1.194,1.206,1.413,1.219,1.225,1.188,1.181,1.213,1.169,1.175,1.181,1.188,1.194,1.200,1.200,1.213,1.688,1.081,0.700,0.900,1.281,1.000,1.000,1.031,1.244,1.269,1.263,1.250,1.025,1.250,1.250,1.169,1.094,0.994,1.200,0.975,0.963,1.088,A,,,20180705013210,
300,20180705,1.069,0.956,0.963,0.969,0.981,0.969,0.969,1.213,1.000,1.200,0.981,1.206,1.113,1.031,1.219,1.313,1.181,1.206,1.194,1.188,1.250,1.063,1.181,0.956,1.269,1.269,1.356,1.075,0.969,0.863,0.800,0.994,0.944,0.919,0.794,0.850,0.931,1.019,0.925,0.594,0.156,0.150,0.125,0.119,0.094,0.125,0.125,0.125,A,,,20180706014211,
300,20180706,0.081,0.075,0.081,0.075,0.069,0.069,0.075,0.075,0.063,0.075,0.075,0.069,0.281,0.206,0.194,0.156,0.163,0.069,0.075,0.075,0.069,0.069,0.075,0.075,0.063,0.075,0.075,0.069,0.069,0.069,0.075,0.069,0.069,0.075,0.075,0.088,0.700,0.181,0.113,0.081,0.113,0.088,0.069,0.119,0.119,0.100,0.100,0.119,A,,,20180707014507,
300,20180707,0.106,0.100,0.100,0.094,0.081,0.094,0.106,0.106,0.094,0.100,0.100,0.113,0.419,0.688,0.138,0.313,0.113,0.125,0.694,1.625,1.938,1.688,1.281,1.431,1.175,1.769,1.300,1.244,2.063,1.900,1.775,1.256,1.188,1.194,1.200,1.363,1.550,1.281,1.544,1.175,1.156,1.156,1.150,1.163,1.150,1.163,1.163,1.175,A,,,20180708014230,
300,20180708,1.181,1.175,1.181,1.181,1.175,1.181,1.188,1.188,1.188,1.194,1.194,1.181,1.181,1.194,1.325,1.194,1.175,1.181,1.294,2.294,1.525,1.213,1.663,1.644,1.238,1.519,1.425,1.219,1.213,1.288,1.250,1.244,1.250,1.231,1.250,1.431,1.325,1.300,1.275,1.231,1.188,1.194,1.194,1.200,1.188,1.188,1.181,1.194,A,,,20180709013527,
300,20180709,1.188,1.200,1.206,1.206,1.200,1.206,1.194,1.200,1.188,1.194,1.188,1.181,1.188,1.188,1.188,1.288,1.219,1.213,1.181,1.175,1.200,1.200,1.194,1.213,1.225,1.231,1.225,1.231,1.231,1.231,1.225,1.231,1.238,1.238,0.394,0.125,0.119,0.156,0.113,0.119,0.119,0.075,0.069,0.075,0.069,0.063,0.075,0.069,A,,,20180710014518,
300,20180710,0.069,0.069,0.075,0.075,0.063,0.075,0.075,0.069,0.069,0.069,0.075,0.063,0.194,0.119,0.113,0.125,0.088,0.075,0.075,0.069,0.075,0.063,0.075,0.069,0.069,0.069,0.075,0.063,0.075,0.069,0.069,0.069,0.075,0.106,0.775,1.150,1.144,1.119,1.100,1.100,1.106,1.113,1.119,1.106,1.106,1.119,1.100,1.025,A,,,20180711023729,
300,20180711,1.113,1.125,1.119,1.125,1.131,1.119,1.113,1.113,1.063,1.113,1.106,1.106,1.088,1.081,1.163,1.119,1.100,1.088,1.075,1.019,1.106,1.100,1.106,1.113,1.063,1.125,1.156,1.156,1.144,1.150,1.144,1.144,1.150,1.263,1.288,1.194,1.194,1.194,1.194,1.194,1.150,1.150,1.144,1.138,1.144,1.144,1.156,1.144,A,,,20180712013719,
300,20180712,1.131,1.144,1.144,1.131,1.144,1.138,1.125,1.131,1.181,1.156,1.156,1.100,1.156,1.156,1.138,1.081,1.206,1.088,1.031,0.506,0.331,0.306,0.281,0.263,0.263,0.256,0.256,0.256,0.256,0.256,0.256,0.256,0.263,0.250,0.688,1.188,1.175,1.188,1.294,1.144,1.150,1.156,1.156,1.150,1.144,1.150,1.150,1.138,A,,,20180713013205,
300,20180713,1.144,1.156,1.150,1.156,1.163,1.156,1.156,1.156,1.163,1.150,1.138,1.144,1.156,1.131,1.144,1.238,1.156,1.150,1.156,1.175,1.181,1.188,1.200,1.200,1.219,1.238,1.250,1.238,1.244,1.250,1.244,1.250,1.244,0.994,0.275,0.281,0.306,0.319,0.294,0.294,0.256,0.250,0.250,0.250,0.250,0.244,0.250,0.250,A,,,20180714014411,
300,20180714,0.250,0.250,0.256,0.256,0.256,0.256,0.256,0.256,0.256,0.256,0.250,0.256,0.256,0.294,0.094,0.431,0.125,0.425,0.081,0.075,0.075,0.075,0.063,0.075,0.075,0.069,0.075,0.075,0.169,0.075,0.075,0.119,0.069,0.075,0.113,0.119,0.075,0.075,0.063,0.081,0.081,0.063,0.075,0.069,0.094,0.106,0.100,0.094,V,,,20180715014142,
400,1,44,A,,
400,45,45,A,89,
400,46,48,A,,
300,20180715,0.100,0.100,0.094,0.106,0.100,0.188,0.081,0.075,0.069,0.069,0.075,0.063,0.075,0.069,0.206,0.088,0.644,0.119,0.150,1.125,0.638,0.306,1.463,0.513,0.675,1.094,0.638,0.094,0.163,0.069,0.075,0.075,0.156,1.213,0.675,0.831,1.125,0.713,1.625,1.350,1.094,1.094,1.056,0.894,0.238,0.100,0.100,0.100,A,,,20180716013520,
300,20180716,0.106,0.094,0.131,0.263,0.119,0.075,0.075,0.069,0.075,0.069,0.069,0.069,0.075,0.363,0.213,0.100,0.150,0.069,0.069,0.075,0.063,0.075,0.069,0.069,0.069,0.069,0.069,0.069,0.075,0.069,0.069,0.075,0.069,0.069,0.131,0.150,0.113,0.119,0.106,0.081,0.094,0.088,0.088,0.144,0.106,0.081,0.075,0.081,A,,,20180717013200,
300,20180717,0.069,0.081,0.069,0.075,0.069,0.069,0.075,0.163,0.088,0.081,0.081,0.075,0.063,0.313,0.163,0.113,0.100,0.088,0.069,0.069,0.075,0.069,0.069,0.069,0.075,0.063,0.075,0.075,0.063,0.075,0.069,0.075,0.063,0.075,0.181,0.113,0.119,0.131,0.169,0.119,0.113,0.106,0.100,0.094,0.088,0.075,0.069,0.075,A,,,20180718014047,
300,20180718,0.069,0.069,0.075,0.075,0.069,0.075,0.075,0.069,0.069,0.075,0.069,0.263,0.169,0.188,0.131,0.150,0.175,0.069,0.069,0.075,0.063,0.075,0.069,0.069,0.075,0.075,0.069,0.075,0.075,0.075,0.069,0.075,0.075,0.069,0.075,0.075,0.069,0.075,0.069,0.063,0.075,0.081,0.069,0.069,0.075,0.069,0.063,0.075,A,,,20180719014152,
300,20180719,0.069,0.069,0.069,0.075,0.156,0.069,0.075,0.069,0.069,0.075,0.063,0.075,0.219,0.150,0.269,0.169,0.125,0.163,0.081,0.081,0.075,0.075,0.075,0.069,0.069,0.069,0.075,0.069,0.069,0.075,0.069,0.069,0.069,0.075,0.069,0.069,0.175,0.319,1.463,1.200,1.513,1.131,1.113,1.125,1.106,1.106,1.106,1.106,A,,,20180720014445,
300,20180720,1.119,1.113,1.125,1.131,1.125,1.125,1.281,1.125,1.119,1.119,1.119,1.119,1.106,1.106,1.088,0.325,0.094,0.081,0.075,0.069,0.069,0.075,0.069,0.069,0.075,0.069,0.069,0.069,0.075,0.075,0.063,0.075,0.075,0.069,0.100,0.513,1.756,1.575,1.175,1.163,1.138,1.119,1.113,1.125,1.119,1.113,1.125,1.125,A,,,20180721014457,
300,20180721,1.119,1.125,1.125,1.131,1.119,1.138,1.131,1.131,1.125,1.125,1.119,1.106,1.100,1.088,1.188,1.131,1.188,1.131,0.725,0.138,0.100,0.081,0.069,0.075,0.075,0.069,0.075,0.069,0.075,0.069,0.069,0.075,0.075,0.069,0.069,0.075,0.069,0.069,0.069,0.081,0.069,0.069,0.075,0.063,0.069,0.069,0.075,0.063,A,,,20180722014738,
300,20180722,0.069,0.075,0.069,0.069,0.075,0.069,0.069,0.069,0.075,0.069,0.069,0.075,0.069,0.063,0.100,0.219,0.656,0.125,0.094,0.069,0.088,0.725,0.694,0.638,1.125,0.556,0.819,0.400,0.756,1.181,0.981,0.844,0.156,0.088,0.938,0.775,0.719,1.469,0.969,0.688,0.569,0.663,0.256,0.188,0.713,0.613,0.469,0.069,A,,,20180723014316,
300,20180723,0.069,0.075,0.069,0.075,0.075,0.069,0.069,0.069,0.075,0.069,0.069,0.075,0.300,0.369,0.150,0.106,0.075,0.069,0.069,0.069,0.069,0.075,0.075,0.069,0.075,0.075,0.069,0.069,0.075,0.075,0.069,0.069,0.756,1.144,1.163,1.325,1.275,1.238,1.263,1.594,1.244,1.606,1.163,1.125,1.119,1.125,1.119,1.119,A,,,20180724014205,
300,20180724,1.119,1.131,1.125,1.138,1.144,1.138,1.150,1.150,1.144,1.144,0.431,0.169,0.106,0.088,0.175,0.075,0.069,0.075,0.069,0.063,0.075,0.069,0.075,0.069,0.069,0.075,0.069,0.075,0.069,0.069,0.069,0.069,0.075,0.063,0.138,0.113,0.113,0.113,0.206,0.119,0.063,0.069,0.075,0.069,0.063,0.069,0.075,0.063,A,,,20180725014319,
300,20180725,0.069,0.075,0.063,0.069,0.075,0.069,0.069,0.075,0.069,0.063,0.075,0.069,0.069,0.069,0.181,0.069,0.069,0.081,0.075,0.069,0.081,0.075,0.069,0.075,0.069,0.069,0.069,0.075,0.063,0.075,0.069,0.069,0.069,0.075,0.069,0.069,0.119,0.275,0.119,0.194,0.119,0.075,0.069,0.069,0.075,0.063,0.069,0.069,A,,,20180726014334,
300,20180726,0.069,0.069,0.075,0.069,0.069,0.156,0.088,0.069,0.069,0.069,0.075,0.063,0.069,0.075,0.063,0.069,0.069,0.169,0.063,0.069,0.075,0.069,0.063,0.075,0.075,0.063,0.069,0.075,0.069,0.069,0.069,0.075,0.063,0.075,0.119,0.113,0.138,0.119,0.119,0.063,0.075,0.075,0.063,0.069,0.069,0.069,0.063,0.069,A,,,20180727014720,
300,20180727,0.075,0.063,0.069,0.075,0.063,0.069,0.075,0.069,0.063,0.075,0.069,0.069,0.069,0.069,0.181,0.075,0.075,0.081,0.069,0.075,0.075,0.069,0.075,0.069,0.075,0.069,0.075,0.069,0.069,0.075,0.075,0.069,0.069,0.069,0.113,0.106,0.119,0.200,0.113,0.113,0.081,0.075,0.063,0.069,0.075,0.063,0.069,0.069,A,,,20180728014554,
300,20180728,0.075,0.063,0.075,0.069,0.069,0.069,0.075,0.069,0.069,0.069,0.075,0.063,0.069,0.075,0.063,0.075,0.069,0.069,0.069,0.069,0.069,0.069,0.175,0.094,0.106,1.006,0.331,0.919,0.888,0.138,1.300,0.713,0.681,0.350,1.300,0.631,1.150,0.756,0.594,0.219,0.144,0.094,0.075,0.069,0.069,0.075,0.069,0.075,A,,,20180729014602,
300,20180729,0.063,0.075,0.075,0.063,0.075,0.069,0.069,0.069,0.075,0.069,0.069,0.075,0.069,0.069,0.069,0.156,0.375,0.106,0.069,0.069,0.144,0.075,0.088,0.231,0.119,0.125,0.100,0.081,0.156,0.069,0.075,0.081,0.069,0.069,0.100,0.125,0.188,0.113,0.119,0.113,0.094,0.069,0.075,0.069,0.063,0.075,0.069,0.069,A,,,20180730013408,
300,20180730,0.069,0.069,0.069,0.069,0.069,0.075,0.063,0.069,0.075,0.069,0.063,0.075,0.069,0.213,0.094,0.069,0.069,0.069,0.069,0.075,0.063,0.069,0.075,0.063,0.075,0.069,0.075,0.069,0.069,0.075,0.069,0.069,0.075,0.075,0.094,0.113,0.225,0.113,0.119,0.119,0.069,0.069,0.069,0.069,0.063,0.069,0.069,0.069,A,,,20180731014524,
300,20180731,0.069,0.069,0.069,0.069,0.075,0.069,0.063,0.075,0.069,0.069,0.069,0.069,0.069,0.069,0.163,0.100,0.100,0.088,0.081,0.069,0.075,0.075,0.069,0.069,0.075,0.069,0.069,0.069,0.075,0.063,0.075,0.075,0.063,0.075,0.200,0.113,0.175,0.125,0.113,0.094,0.075,0.069,0.063,0.069,0.075,0.063,0.069,0.069,A,,,20180801014825,
300,20180801,0.075,0.063,0.075,0.069,0.069,0.069,0.075,0.063,0.075,0.069,0.069,0.069,0.069,0.069,0.069,0.169,0.106,0.094,0.075,0.075,0.063,0.069,0.075,0.075,0.069,0.075,0.075,0.069,0.075,0.081,0.069,0.075,0.075,0.069,0.075,0.069,0.144,0.163,0.181,0.125,0.081,0.069,0.069,0.069,0.069,0.069,0.075,0.063,A,,,20180802014724,
300,20180802,0.069,0.075,0.063,0.156,0.113,0.069,0.069,0.069,0.075,0.063,0.075,0.069,0.069,0.069,0.069,0.156,0.100,0.106,0.069,0.075,0.081,0.075,0.069,0.075,0.069,0.069,0.069,0.075,0.069,0.069,0.075,0.069,0.069,0.075,0.100,0.113,0.119,0.169,0.475,0.238,0.488,0.081,0.069,0.069,0.069,0.069,0.075,0.069,A,,,20180803014749,
300,20180803,0.069,0.069,0.075,0.069,0.069,0.075,0.069,0.069,0.069,0.075,0.063,0.075,0.069,0.075,0.169,0.113,0.075,0.069,0.069,0.069,0.075,0.063,0.075,0.075,0.263,0.069,0.075,0.069,0.069,0.069,0.075,0.069,0.069,0.094,0.113,0.113,0.119,0.113,0.113,0.069,0.075,0.075,0.063,0.069,0.069,0.069,0.069,0.069,A,,,20180804015015,